k,c,h0,i0,kh,kv,V_kmh,ok,err_code,a_car_peak,a_car_rms,label_unstable,message
30986278.67982905,11455.78132199,0.008197808228433133,29.43429609760642,7462.827643379569,55.25091599673033,424.83952147886157,True,0,14.841745599985847,2.134853228601331,1
46403609.54677446,14011.485412982342,0.010752287536859513,24.683995861560106,4980.391683988273,22.122196406126022,364.43707440048456,True,0,20.368714287261497,2.782259516912697,1
36687581.506777,18196.77033260948,0.011807229362428189,21.877693720161915,8490.155153907835,60.02065448090434,476.1753583326936,True,0,39.18013153525487,5.866778867322473,1
33893897.635726064,7789.399431792437,0.009901604633778333,27.84706044010818,7115.901658311486,79.83264988288283,339.2116772942245,True,0,18.575400516750662,2.214251116035039,1
43351775.7590112,9501.348431226279,0.011081938404589892,23.068836694583297,4565.2972823008895,42.529590744525194,281.1815904453397,True,0,17.601358824854515,1.8170069923719856,1
51328596.28843457,5029.9140452594,0.008910109538584947,25.590029107406735,5413.5608077049255,41.68523319065571,220.15074817463756,True,0,13.578829799789256,1.263192104255997,1
59965699.75862737,7185.985641506696,0.01032422786578536,28.96210423670709,8885.471207089722,24.35232065618038,298.21756947785616,True,0,41.56318919969639,4.534507093439724,1
41043900.101104304,12789.350484903425,0.009458419665694237,23.531110342592,5710.84126457572,73.63417280837893,398.4378050081432,True,0,15.975672748610178,1.9002332450969002,1
45340399.30830361,19748.959403589834,0.008482078678905963,21.156894117593765,6506.0447212308645,36.66435182094574,442.21121026203036,True,0,23.190764444576303,3.0821278462953003,1
55128281.518196754,14918.064771985833,0.009236586600542069,27.128326892852783,6004.133891314268,32.57601881399751,453.30037428066134,True,0,17.56238105213184,2.389768657436944,1
31713192.366251834,5519.1479185099115,0.011364073220640421,26.35111183859408,4897.652260027826,61.5712290070951,261.18144411593676,True,0,14.738088607268255,1.540296449033694,1
40266260.3826908,6151.995253732512,0.01010465369746089,20.369760850444436,7967.75093395263,65.92231187969446,240.7083036378026,True,0,32.28944852281918,3.3350895158853753,1
50236907.16138687,6677.715376138561,0.009683677848428489,21.44458224065602,7409.155840054154,30.832267571240664,209.04727904126048,True,0,36.76773702458967,3.2449574578577405,1
52969505.16812322,8922.291328922161,0.009356760274618865,20.258249482139945,5158.820055425167,69.53672727569938,465.3422525152564,True,0,17.251303758513465,2.0378961514968226,1
34385106.07956149,16366.90420733749,0.010536619648337364,26.091347374022007,4062.786149792373,70.72804387658834,496.6444933786988,True,0,9.882843504701507,1.2009969047936924,1
37777745.72792016,8670.907967966901,0.008629745308309794,23.867736188694835,6370.228990912437,53.274393267929554,312.8059553913772,True,0,17.41581298942112,1.9920871963901303,1
54011110.22005886,10570.527360169783,0.011529000766575337,28.595113325864077,8157.838621176779,49.00364199653268,381.45874831825495,True,0,36.84780013923351,4.1310015209295905,1
38689675.8667068,10296.63624723754,0.010488506376743317,27.249604146927595,6947.878078557551,28.697868287563324,229.25318544730544,True,0,27.704084961333912,2.9397358113035916,1
35168108.24040716,6852.7148781671995,0.008333616007119418,22.554450565949082,8619.412096217275,46.38588361442089,356.54760356992483,True,0,27.262713271834066,3.7201192394279,1
49202677.56690975,15899.758368469544,0.011450160913169385,29.938916638493538,5273.880447261035,51.59976763650775,348.8866767846048,True,0,15.86440484074613,1.7680486909638546,1
44346867.41556103,5862.740400376284,0.01065359104797244,27.774855913594365,6187.063409946859,76.24729800969362,413.40703358873725,True,0,18.430486357437175,2.1502831331643,1
32391448.130430225,18634.859519991547,0.009504087150096893,24.687841199338436,7794.005094096065,26.02986643090844,289.65717535465956,True,0,29.49940939288429,3.8529578960366186,1
58570857.54276858,12035.265160192235,0.008559458069503308,22.49917158856988,4421.725679188967,63.70088066905737,250.95521938055754,True,0,10.060192388316223,0.8167208657600025,1
41864271.60459788,7612.685895749503,0.01166166316345334,25.03691072575748,7597.196047194302,37.858474124222994,445.9553583525121,True,0,38.43128956995034,5.1222825007078265,1
56287000.90691191,6245.492553202619,0.011877575669437647,24.254254074767232,6678.978671319783,56.867124792188406,388.17257871851325,True,0,33.615005870910025,3.615611623010613,1
39369808.70632415,14650.66277180545,0.008777140237390995,28.276955001056194,4714.370999485254,45.088710337877274,305.5076537653804,True,0,9.81,0.8527408844075679,1
30255875.494953647,9671.87511049769,0.010932063307613135,21.68213109485805,5855.355738662183,34.65164341032505,433.6806937120855,True,0,26.46831250498665,3.9323498997468302,1
44204306.60961249,11280.973083339833,0.009784207716584207,25.785439256578684,8751.285118982196,67.05509005114436,272.5956214591861,True,0,29.658371552986324,3.0344733501545793,1
47508748.43770798,8342.163066260104,0.008112027559429408,26.776972403749824,8326.728926971555,57.94943753629923,486.98780443519354,True,0,21.63394220312197,2.831490142440852,1
33229664.011690896,13043.82511923711,0.011230342127382754,20.72126818820834,6192.2119660303,40.549767557531595,216.9916815124452,True,0,30.08901409657878,3.0529606511757548,1
35919420.9402238,5401.445469669185,0.009072733487933873,29.16095652617514,4201.425887644291,20.5034145899117,372.41124268621206,True,0,9.81,1.003649458036593,1
52478483.71429825,16986.040958153346,0.010206127896904945,23.342023715376854,7279.623598791659,77.27805238217115,323.6573717556894,True,0,27.02594071180097,2.750460411868888,1
51610921.63531195,7976.817281958881,0.011264052964746953,22.226139763370156,5951.043279841542,68.70009046047926,350.3650290891528,True,0,26.134311394708064,2.715671112031993,1
36097385.81673237,13677.584447060544,0.008397500786930323,25.311020016670227,8030.626262538135,33.489640671759844,343.94462844356894,True,0,24.510713094183444,3.279337863602777,1
32989325.75020103,5179.7587418320545,0.010303398504853248,24.961789017543197,7519.581221044064,45.31824881210923,471.5317336842418,True,0,28.198929121296608,4.130110892025171,1
48199621.02158111,17664.271790195522,0.009421659674495458,27.502271737903357,4498.758987523615,56.15367356687784,234.20213153585792,True,0,9.81,0.7484792361832644,1
43590225.785194196,6005.442367197979,0.00874850294739008,29.742436287924647,5079.8701690509915,77.05486593768,448.6944547854364,True,0,9.81,0.9231030434332916,1
30487800.24717525,15277.013524276119,0.01160070076957345,22.749547977000475,7026.169706135988,21.208569183945656,254.65102847665548,True,0,37.99685456974901,4.742527212751428,1
39191620.709529705,9223.324250787447,0.009694070592522622,27.443948732689023,8387.016012333333,38.89658406376839,410.6565332971513,True,0,29.701904452324897,4.007253533150309,1
57261973.8572216,11797.173636613128,0.010593581762164832,20.06284613162279,5506.953416392207,59.11790585145354,285.94995345920324,True,0,25.524893788926455,2.335946745601309,1
57738436.1108383,5621.4485357564035,0.009970284521579742,23.22416397742927,8093.760489486158,50.438165329396725,428.1572631560266,True,0,36.537326864159326,4.2980396533887975,1
42171002.256853804,19383.114994490672,0.010868148099631072,29.277738500386477,6424.560589715838,48.03128467872739,265.82248266786337,True,0,21.226982565460162,2.1741303776198,1
32233155.06504922,7280.851676462878,0.008962279252707959,20.837602512910962,4123.200644738972,27.98493215814233,393.70284443721175,True,0,11.22289766045544,1.678091430862169,1
45098217.887206905,12618.495147421741,0.01181270669773221,26.659274138510227,7358.487877994776,69.76678062230349,312.287618778646,True,0,29.93499780025755,3.1257241294286184,1
48370993.18809395,8510.264392769755,0.010017113387584686,25.746591398492455,6601.859904825687,64.40746588632464,376.68838929384947,True,0,21.78052132294728,2.422906517435983,1
35329351.804077946,10766.350144582133,0.009133726965636016,21.722361594438553,4792.052359320223,37.636718079447746,326.98693415150046,True,0,14.258207854307328,1.7663708710400223,1
38397141.54264345,6588.450175308146,0.011040328316390515,28.31610850058496,5618.687259033322,27.199650704860687,482.69918244332075,True,0,20.370767880616995,3.2035354512483116,1
53722615.02311186,16582.96354582313,0.008172005761414766,24.21615904197097,8987.4099297449,74.59543069824576,213.65063479170203,True,0,25.605001379766037,2.1427803283415,1
55019207.50192214,6982.05047684467,0.01093824277818203,26.932924343273044,4330.774495378137,35.01843253150582,334.8509575240314,True,0,12.08452902527157,1.4526478265390377,1
37656813.90654671,15610.43999944437,0.009837566908448935,20.56410500779748,7697.893801145256,62.73232001811266,361.17041427642107,True,0,29.298233922351606,3.8472371625706865,1
49472655.543404065,10162.453301026071,0.008845118943601847,22.872355841100216,6080.260687507689,25.0648601539433,479.43053413182497,True,0,22.647390970046352,3.2207020716778154,1
34601898.957586974,9043.103535350052,0.01199224580079317,29.62939423508942,7891.061246395111,73.40371545404196,224.49999256059527,True,0,27.5922573211584,2.6806679521891996,1
46062909.076698706,7474.206572911012,0.00904769466817379,24.411412412300706,5333.094504661858,49.225916266441345,246.1664715781808,True,0,14.095830031457135,1.3515497624558475,1
31526724.044250708,12262.453300219207,0.010165768798440694,28.12100775539875,8569.982718676329,52.56831934675574,460.15472589060664,True,0,27.295234200667814,4.0187886437852915,1
41190253.56987761,5786.365785638824,0.008007915981113911,22.151803812012076,6882.561362348497,72.38031519576907,275.7302576676011,True,0,17.645687728019723,1.822490802492147,1
58892239.27203383,18887.32434748805,0.011142039123922587,25.316996853798628,5214.352091774344,29.662879928946495,417.9919960908592,True,0,22.72377406130586,2.8442402750510927,1
40015625.06439015,11015.942160499966,0.011428079623728991,23.90688918530941,4296.02131806314,78.18816099315882,438.43189058825374,True,0,13.190709829088773,1.5888963968830072,1
55986793.36691273,9907.97858908149,0.008296093307435512,28.55701901949942,7175.243488512933,23.2847180403769,258.5053304210305,True,0,19.637228657378188,2.250006910238535,1
31087139.85160008,6433.76985415488,0.009273433357477188,26.131578674539924,6290.487629361451,60.73450993746519,300.88227931410074,True,0,15.902785436669175,1.8660876679188556,1
42563019.96995496,14226.805898445113,0.01038924978300929,21.405733954161406,8238.23794350028,41.45609201863408,402.20571188256145,True,0,39.56513182522842,5.317097038093651,1
47255359.835239865,5274.522196078312,0.01171792408078909,21.039196653291583,8809.277281165123,31.870345324277878,319.06982315704226,True,0,56.41902767053947,6.7947238973656825,1
33774758.36944783,17400.56725337418,0.008568660397082567,26.467445734888315,5787.617006339133,66.14498680457473,386.3355966284871,True,0,11.704997034844665,1.4565495457843272,1
50529980.48472757,13437.00072960437,0.009623546939343215,28.844243995845318,6740.615415386856,44.18237693607807,491.7745428159833,True,0,20.14650820737461,2.6798779309016236,1
36906288.2461779,8100.767574629295,0.010726480513811112,23.647893043234944,4662.480825558305,54.08204345032573,202.79031796380877,True,0,15.057272085055034,1.3457441716620793,1
50972289.30011466,9343.156837131233,0.010522178072482348,23.989689303562045,8015.110321342945,30.540536660701036,446.6931873932481,True,0,41.23506774590856,5.354590741180253,1
37235606.319532275,11692.764830840548,0.00964048882573843,28.482916448265314,5878.077150322497,71.26783978193998,246.9865801744163,True,0,13.327420360619273,1.2898992453985068,1
33481702.0867943,6065.992861611009,0.011545380216091871,21.322401585057378,4513.131218031049,53.56520865112543,412.6600543037057,True,0,18.26419487781837,2.375544920965889,1
46837332.34278248,15103.425537852432,0.008678778439760209,26.203772090375423,7593.690763227642,48.46293056383729,293.6166542582214,True,0,22.379672371902473,2.363433057624798,1
42703685.780896,5133.755173915461,0.009475226182490588,26.551503473892808,6992.896824143827,23.83725829422474,358.15475387498736,True,0,26.014095258685785,3.5219614610673458,1
31195208.53213479,17894.34486738209,0.01037478693574667,20.966277793049812,5025.920165702701,73.92866460606456,345.8251254633069,True,0,16.112194524291553,1.9699031629361785,1
39883787.45559732,7885.926117760016,0.008467210035771132,28.76209302805364,5541.37231875211,62.08537584170699,463.7442613951862,True,0,9.922921512311914,1.2394892035034364,1
55792950.6862117,13815.92466019241,0.011319358259439468,23.7213465385139,8439.820293337107,36.36894449591637,232.323888130486,True,0,47.97587987055012,4.270214260101846,1
59086890.622739255,6505.048567886239,0.00824342530593276,20.481877708807588,6498.765145428479,43.18753259256482,369.32209534570575,True,0,23.908966138550525,2.6196071768656264,1
31422843.953746,8423.8934509385,0.009189001146703958,22.9563373234123,7285.578652285039,65.26528555899858,490.06780041381717,True,0,21.577811958213815,3.274023404941925,1
41333430.08472665,16728.20412170513,0.011093925222754479,27.006454095244408,8108.075816184282,54.84295602887869,325.2735214307904,True,0,32.07339858037129,3.6679879143429344,1
45903440.84413788,10891.93976967661,0.01008679223805666,29.556551706045866,4107.58969001472,32.984894309192896,215.36637265235186,True,0,9.81,0.7125585576260833,1
49905725.80087731,7344.856275258416,0.011759094532579183,28.037599129602313,4844.837846234441,42.09775649011135,429.73967734724283,True,0,16.71521044765923,2.1135465133867424,1
34910643.313096076,12458.36904214929,0.008890844449400902,24.48368215933442,6636.412079446018,59.38924862071872,273.3244243077934,True,0,17.93859941593815,1.9563958150705558,1
37330061.62468538,5687.201074203239,0.010798453990370036,25.399720640853047,8933.32665413618,79.42104211077094,392.1227553859353,True,0,31.144274710088936,4.189232788624527,1
54532518.0968526,19185.780582496995,0.009914995081722737,22.07777749747038,5585.433171130717,22.754517793655396,304.7880011610687,True,0,26.13799669788652,2.989502274427303,1
53319618.44828981,5712.875875728747,0.011211015831679105,29.36103210784495,7722.68058359623,58.23636282235384,239.69689374789596,True,0,30.439833664117344,2.635092572937711,1
38115518.770291045,19051.94145028203,0.008063953816890717,23.15170407295227,4373.7940872088075,40.01294622197747,456.9586595520377,True,0,9.81,1.1402578722698917,1
35596446.29950376,7398.0376240187525,0.010219579566270114,26.576668983325362,6056.77249468863,20.215573776513338,282.20215952023864,True,0,22.958838484191077,3.078817145823947,1
48728358.13261581,12404.970169492306,0.009118838839232922,20.911815371364355,7846.743362955749,77.81395819038153,421.1903875693679,True,0,27.151291150335545,3.4015393355077013,1
45002869.20534785,9122.213823354352,0.008789065849035979,21.804395196959376,8574.532113038003,57.38470574840903,337.8805486485362,True,0,30.404922281206765,3.618620131276178,1
32170502.20813464,10033.069389596723,0.01192325383424759,25.67295016720891,5397.533779963851,44.789868891239166,367.8111164830625,True,0,21.371684240805642,2.759924729268529,1
42260267.07684469,7063.418768467025,0.00976640747860074,24.13237010128796,5208.50641746074,34.13314692676067,221.47272657603025,True,0,17.23007903010822,1.707205963797052,1
57850921.25009645,15450.860519189007,0.010884416751563548,28.38906366378069,6819.41806897521,67.35301597043872,472.79215594753623,True,0,24.0598763063795,2.7836473120079828,1
57140927.04874116,8206.362694199848,0.009554585132747888,25.22715481929481,4251.837191171944,75.59416178613901,316.1706952378154,True,0,9.825031639277674,0.8206021251696329,1
39115429.58067252,13318.64237437898,0.010670458771288395,22.2991712577641,7151.735942810774,26.434851828962564,380.1549463532865,True,0,36.836719855716176,5.012257341672469,1
30552324.80990981,5327.9285126152345,0.008514804210513831,27.584229009225965,8281.276888214052,38.512525875121355,205.69169949740171,True,0,22.232974420037095,2.375058764820535,1
43675162.145430535,17203.577786905837,0.011646733298897743,24.88822404295206,6315.140655264258,63.296810798346996,497.95744558796287,True,0,25.94606423424635,3.3797324383101968,1
32747355.54500358,14412.716509508165,0.009342379905283452,29.81672540307045,8803.527328185737,29.33362379670143,441.1724826321006,True,0,27.417864223866772,4.234841559002656,1
47838070.501752794,6376.898675329898,0.010445256266742945,22.666866490617394,5724.416175857186,69.12168538197875,264.8490226827562,True,0,21.04756139491127,1.9452956037883187,1
36370274.63424395,9795.49737501175,0.011499255146831274,20.146063482388854,6804.9589693546295,46.80184103548527,294.54083954915404,True,0,35.014835693143176,4.119060846747618,1
51992240.22447247,11127.832294384541,0.008349934235215187,27.37156515941024,4667.087757028639,50.96492765471339,399.46737345308065,True,0,9.81,0.8336897181837023,1
35849557.21318074,15068.953341003782,0.010033494625240565,24.328354876488447,5476.073521189392,37.33032442629337,417.2644091770053,True,0,18.521172373587852,2.568117923353928,1
52367602.46915993,6081.898046339334,0.009182762123644352,28.194156726822257,8495.372558012605,64.93259904906154,279.6723469160497,True,0,25.61617779422957,2.447056128479551,1
47601239.11086525,11604.985054679735,0.011025884952396155,21.609935835003853,7052.090653218329,74.90090882405639,460.87316256016493,True,0,30.318465795967597,3.8628630970060414,1
33300045.212826412,9416.958062900369,0.008128814712166787,25.868773395195603,4976.472869515419,26.673602014780045,242.21522202715278,True,0,9.81,1.1167470202637977,1
43872654.56677946,7867.933383901819,0.010823431350290775,20.63720983453095,7486.870122142136,50.7179943844676,227.59021278470755,True,0,37.00921646841296,3.4974701578286043,1
30034005.71627694,13852.269970528914,0.009955413851886988,26.849891804158688,4610.167142003775,47.501559574157,477.81560039147735,True,0,10.458988371601587,1.5585754818908535,1
39667395.704293825,5095.265002624831,0.011863267555832863,23.424174143001437,5978.795132599771,27.7041875757277,331.7698886618018,True,0,32.984234531965896,4.068011202566204,1
56702921.65399831,18035.726610338457,0.008979087796062232,29.087503645569086,7924.177056178451,70.29559019953012,362.794507201761,True,0,20.97631152796673,2.2036147373635853,1
58131436.51436406,8772.331120630495,0.011582841336727143,27.331830831244588,5647.087759338319,76.63227183744311,201.18438359349966,True,0,19.827066134127662,1.4688220630131053,1
41557262.29325386,10462.913024346748,0.008700919281691312,20.184720270335674,8881.456783041358,21.85187689960003,494.83716702088714,True,0,41.069964628290315,6.228556962950618,1
44674573.75195517,16159.204093957182,0.009739685881882907,22.627293709665537,4902.812164276838,58.47551366314292,383.2638210617006,True,0,14.81582191435182,1.702576121992014,1
32636276.49333531,6736.414246804563,0.010605566553771496,29.85493461601436,6568.653044290841,39.32009369134903,320.66659834235907,True,0,20.627501209291303,2.624637609037983,1
49098734.093489274,5463.131358825376,0.008410889446735383,24.77125166915357,4019.078403711319,68.05405046790838,300.1456662081182,True,0,9.81,0.5977040759123744,1
35099694.315586284,19979.3203026956,0.011310217391699552,27.702584397047758,7383.836471475661,33.88752983883023,406.17542397230864,True,0,30.75263265861949,4.311090762316079,1
38771608.78530982,7095.020910568513,0.009402396373450757,22.416449571028352,8202.689090743661,45.96520433202386,259.25109377130866,True,0,31.623521177193837,3.4364628717951575,1
53072644.59476331,12901.367765577885,0.010255265701562166,25.11093519628048,6394.40533798188,55.7566999271512,434.47133880108595,True,0,23.680472382363178,2.7618346554936695,1
37909021.570892155,11912.234937461782,0.011731373723596335,29.034562297165394,5105.347047559917,66.44657483324409,286.98989702388644,True,0,14.761365462542672,1.519583275382312,1
54189679.75648589,7701.405255498947,0.008614763960242272,23.44781850464642,6912.792759016156,31.3481867313385,406.99002761393785,True,0,25.45439400447146,3.164353918977865,1
34271865.981202915,5914.025221029421,0.009575474984943867,21.239501116797328,5307.822056114674,54.603286515921354,452.37011183053255,True,0,17.36058313727635,2.395143696347774,1
50062907.89415356,18397.60013398841,0.010707156244665384,26.276897210627794,8674.028516747057,43.879873380064964,253.6202440969646,True,0,38.48644096738798,3.702568267027551,1
45737219.082426496,6782.8763235992965,0.011380435094237328,26.00931323133409,7780.225296504796,23.00053933635354,468.16806672140956,True,0,42.32327966230792,5.853439185857719,1
31996213.130521104,16084.539932891343,0.00827829485759139,21.518224086612463,6113.54399099946,78.72040469199419,235.50714943557978,True,0,14.664250447779855,1.5013018120230803,1
40687719.14480841,8808.974663902478,0.010434925921261311,28.678901651874185,4436.651497147977,61.0177731141448,353.7195357494056,True,0,9.863502384979297,1.0337422430386232,1
59435315.555952996,10386.381329166925,0.009285357180982829,23.7947815656662,7669.569743797183,40.92293279245496,342.6304602995515,True,0,31.786104540076046,3.3943506461787702,1
55610783.49078841,5340.126110527188,0.010150837145745755,21.96155837737024,4769.00617685169,49.64553579688072,484.03152702376246,True,0,17.56215090883439,2.1474970185319555,1
40625598.703280985,17158.571946115753,0.00900303878262639,25.51699822768569,6712.787119671702,51.929817255586386,210.27766559273005,True,0,19.073326623746745,1.752643175304772,1
30717368.176828705,8268.418307285026,0.011158908635377884,24.6020379755646,8697.945271618664,71.96161119267344,375.36519495770335,True,0,30.874323794415048,4.435989926350014,1
42968352.588143796,13214.271074187494,0.008058415990322828,27.92062595486641,5820.251662284136,30.302297547459602,330.36906365305185,True,0,10.72160999191381,1.4700832885400266,1
46557042.71337429,9769.801794816545,0.009853887163102627,29.516979353502393,6264.490537345409,35.668822173029184,394.7154702618718,True,0,18.23541111641036,2.3860171016290734,1
34011665.9647358,11153.256867767335,0.010987338799983263,22.994545735418797,8341.711685992777,62.33191225677729,308.6304063908756,True,0,33.087455674639855,4.1656023795021815,1
36566746.51056589,6326.9045283419655,0.008830736547708511,27.045111386105418,7206.047238782048,72.75424133986235,427.1354781463742,True,0,17.166302166934194,2.2446208890863804,1
51150832.64885687,14521.616894162516,0.011948993902653457,20.44214265421033,4187.741215340793,25.466183442622423,269.4705436937511,True,0,24.200306768435304,2.5088587675076,1
