sid,k,c,h0,i0,kh,kv,V_kmh,ok,err_code,a_car_peak,a_car_rms,label_unstable,message
2,40716596.62353744,8254.840750334793,0.01158487743511796,24.181517884135246,5550.375954248011,73.99372018873692,353.33618437871337,True,0,20.601691113074644,2.294161051670997,1,
3,48570638.57121464,13525.701018180254,0.008063371550291777,26.62152991630137,8645.447470247746,34.011472314596176,252.72083431482315,True,0,26.12124611038513,2.6869171616424468,1,
1,32268375.30073245,19811.85193913641,0.009785215578973293,29.14037919603288,4134.764383547008,58.97584483027458,298.24292305856943,True,0,9.81,0.7071724475699834,1,
0,54403720.35651338,5604.2580035394685,0.010298835411667824,21.697887610644102,7210.428776219487,49.029361978173256,497.5863032974303,True,0,34.73668552919111,4.379622011179976,1,
4,42920920.71512486,8673.465819746927,0.009286340586841108,26.235815528780222,8201.378310099244,35.94694573432207,391.9436262920499,True,0,29.649812967122323,3.8558073719823724,1,
5,36209394.109233595,10840.74379559323,0.010800018593668938,23.639249382540584,6297.789785079658,56.00365962833166,216.3307131268084,True,0,24.09290519265307,2.2837899146639713,1,
6,34105715.02219372,6353.328574185606,0.00856432155892253,28.745070807635784,5174.536743201315,70.98946113139391,458.85071381926537,True,0,9.81,1.066669446590802,1,
7,57205599.681891076,14722.180390026082,0.011085769269615412,21.14602510817349,7097.780346870422,20.96118714660406,334.50489779934287,True,0,47.496788728442965,5.558637540460359,1,
8,58350240.35370122,7382.573453939322,0.008827678479254246,22.9062264226377,4593.063202686608,31.20953507721424,407.7620749361813,True,0,11.91679258830876,1.5824304362127242,1,
9,34587896.4706269,12735.243301910266,0.011337419837713242,25.348985185846686,7689.326252788305,76.7810232937336,236.83895003050566,True,0,27.376871222642215,2.8100598405092176,1,
10,38765443.78975595,5406.832653636061,0.009042362328618766,20.394672453403473,8792.769243940711,61.79889686405659,441.85553593561053,True,0,31.485157315417716,4.710845313057966,1,
11,46214942.79984437,17292.0629119298,0.010559995222836733,27.835027957335114,5715.856096707284,46.191647201776505,312.8290858119726,True,0,18.089497697250685,1.9674819723644228,1,
12,47553671.58002904,6748.312618629173,0.011836660087108613,29.949103612452745,6131.238211877644,23.752124197781086,480.59226032346487,True,0,26.9480197452431,3.997159598280826,1,
13,40094871.45775717,16462.857194927168,0.008326854832470417,22.352804644033313,8055.731762200594,68.18383272737265,276.56366946175694,True,0,23.020853729182328,2.5020023383368315,1,
14,30100100.423765052,9938.304027348198,0.010058924097567798,27.45342869311571,6619.647337123752,53.16963601857424,369.15347911417484,True,0,19.101016629345125,2.5517190416206343,1,
15,50457944.74685083,11237.41518430475,0.009541355099529029,24.854726465418935,4714.866085909307,38.76636382192373,273.2324960641563,True,0,12.334115539834654,1.3041034176840547,1,
17,31175453.419808764,11573.459718780601,0.00889124207571149,20.90474747121334,5260.221065022051,26.055889781564474,486.58383106812835,True,0,17.9827961242974,2.9803938268985877,1,
16,52552290.39166474,9253.530289913584,0.011381529446691276,28.344802418723702,8418.650083243847,65.99739668890834,306.2422141432762,True,0,34.42439877659335,3.411161453683614,1,
18,39337477.12125251,6777.079806477758,0.010720963753759862,25.854000514373183,4175.975705496967,41.03989062830806,243.94767228513956,True,0,10.972220205788874,1.1345581554511521,1,
19,46917770.36643163,15714.579438170962,0.00923856434226036,23.411542307585478,7354.136096313596,51.01338153705001,363.647183123976,True,0,26.332165366929956,3.0659322862792826,1,
20,44378804.01527529,5027.690354613974,0.008392182249575853,23.806793438270688,6841.783836483955,78.96082142367959,205.3602441214025,True,0,17.245450239248754,1.4628030605544113,1,
21,37420380.59606776,17785.824655490735,0.011882409539073706,26.40580575913191,5011.20384875685,28.912863600999117,400.0573270022869,True,0,20.552826860389196,2.8961205388225064,1,
23,59148618.30691321,12140.462297319888,0.010222159035503865,28.886975590139627,8237.718591466546,63.94851254299283,450.3384368494153,True,0,29.16766781365228,3.336681748055307,1,
22,35246398.471663125,7404.32733060244,0.00973969954252243,21.29036652855575,6387.807774357498,43.925215397030115,344.99439308419824,True,0,25.033663017165097,3.169047385423789,1,
25,32744532.757290408,14776.808668204869,0.010481608759611846,24.617940187454224,8893.123721703887,38.2507131062448,415.880639385432,True,0,36.26975169461429,5.325800015076883,1,
24,55231077.784455724,6053.019895931152,0.009995257321745157,27.05826231278479,5723.556495271623,53.81722180172801,225.86418949067593,True,0,17.095049677565648,1.4601246145504545,1,
26,36699492.01507611,8915.84854337683,0.008156064167618752,29.562644651159644,7496.11846730113,23.234712164849043,323.31428956240416,True,0,18.02150402176804,2.650365581771843,1,
27,43744432.39730817,10088.238984178823,0.011634525977075101,22.11984297260642,4346.187246032059,68.83320843800902,433.34812270477414,True,0,16.24736469886612,1.9249464398872167,1,
29,42400219.50239025,13593.706113085122,0.009494252298027278,27.61420179158449,6690.797923132777,46.73268871381879,469.5946518331766,True,0,19.58171555436629,2.65139801130448,1,
28,50313450.67316207,7874.972803421939,0.010980541747063399,20.015456648543477,4849.383710883558,61.15564474835992,284.5586690120399,True,0,21.414867423072835,2.0129941238414717,1,
30,31830728.52087898,5768.431041789793,0.011133761756122112,22.503959937021136,7755.161706358194,31.74504229798913,264.4550425000489,True,0,38.23064170540096,4.605531893652938,1,
31,53386335.26785152,18460.817477639877,0.008655237957835198,25.100225526839495,5933.173690922558,76.14333407953382,379.46934159845114,True,0,13.913703729594646,1.4845455053640872,1,
32,53049093.975244656,8131.492920247856,0.009099615000188351,28.914245292544365,6987.49637324363,69.76224461570382,239.45883121341467,True,0,17.329386608945164,1.502553304394619,1,
33,31646488.64943099,13153.38958752323,0.010609432652592659,21.513252714648843,5138.643976300955,22.29104207828641,368.2290074415505,True,0,23.60687457525981,3.5002601247594933,1,
35,49458182.22999718,19476.272845679585,0.011270404461771251,24.013972645625472,8090.786627493799,54.74807607010007,482.01151965186,True,0,38.12073410798428,4.933013260061187,1,
34,41699775.74313835,5461.058559470494,0.008752847861498594,26.417368482798338,6261.589607223868,37.305196318775415,310.7587356120348,True,0,16.70996947716373,1.9828680992571004,1,
36,43957385.63118243,6256.311607247477,0.01011056099832058,23.159204237163067,8603.749294765294,75.19551573321223,349.4960327632725,True,0,31.709962390255583,3.8010289344602968,1,
37,36871008.75578764,14312.161046355499,0.009600801520049572,25.719153927639127,5426.971573382616,32.67816906794906,445.7466749474406,True,0,15.818156431010769,2.365156744177165,1,
38,33256542.887730006,8449.024383830454,0.011771351132541895,20.648890379816294,4010.447008535266,47.66036747023463,200.8496637456119,True,0,16.710808997150373,1.5358187631626854,1,
39,56103040.97267149,10653.573914182249,0.008253736358135939,28.20643681101501,7167.817308567464,60.213360246270895,404.62198071181774,True,0,16.383335209560784,1.8696780219384765,1,
40,59496978.1812159,5311.683659079763,0.011526895076036454,25.200975835323334,4682.938368991017,50.082071516662836,327.81220991164446,True,0,17.824652433155435,1.7726302795383748,1,
41,35471074.17811047,16861.70962237416,0.00801319894939661,22.79971637763083,6506.003896705806,41.985863614827394,428.75721910968423,True,0,17.49142938398196,2.4752031492823376,1,
42,38069850.08138034,7174.537140133828,0.010374395716935396,27.708991672843695,7941.1753276363015,27.000019643455744,221.35675624012947,True,0,32.66146462062977,3.4341882154700163,1,
43,45125263.34575785,12553.511031070986,0.009852966126054526,20.305252661928535,6098.3972027897835,65.06790118291974,420.4438625834882,True,0,23.472120139689558,2.87980858260917,1,
44,46700323.57387034,9760.05236303803,0.008512443490326404,21.950884647667408,5595.811182633042,64.89033726975322,259.96248209849,True,0,15.04625172111543,1.4102945211665348,1,
45,39149545.617391676,10953.984143650172,0.011026075720787048,29.510567458346486,8747.106018476188,42.99799596890807,384.0520242229104,True,0,34.28419186848114,4.432270336497862,1,
46,30691607.01021744,6555.897980112371,0.009351890709251166,24.435716290026903,7643.355616368353,27.980192583054304,289.0783376060426,True,0,28.057478038823426,3.695258098394058,1,
47,51746421.566202365,16222.350032212356,0.010873384196311236,26.992919547483325,4472.710579633713,79.90818357095122,465.02090990543365,True,0,11.176660961256273,1.2847364111737896,1,
48,51330571.295892365,6973.7387722935355,0.00820574652031064,21.05031735263765,8347.394830547273,45.26399750262499,358.1465977244079,True,0,31.130814597935377,3.6735712298780787,1,
49,30605659.513158064,15942.410489382637,0.011692021664232015,28.45374656841159,6425.533896312118,62.74120952934027,247.85634763538837,True,0,21.15595707561667,2.241961519183855,1,
50,40328348.283409595,9419.489430676877,0.009927996665239334,23.5400225315243,5048.012208193541,77.72881347686052,492.80314119532704,True,0,13.917147602398932,1.8099471584838813,1,
51,47855915.836590774,11869.094620650063,0.010406534768640995,25.940972194075584,6950.5420150235295,30.276379249989986,303.11620738357306,True,0,30.293841867250357,3.3995584242523935,1,
53,38168671.52504341,12320.713370373524,0.008706629950553178,24.247773829847574,4301.208524033427,52.23875269293785,339.3633092753589,True,0,9.81,0.9229149733659873,1,
52,45496600.58787912,7621.804469031418,0.011192965175956488,26.805277345702052,7395.221619866788,39.71185244619846,454.0480922907591,True,0,33.322574043775106,4.309595651376277,1,
54,34426955.87469253,5119.621330569373,0.010907666631042957,29.30841957218945,5385.151240974665,67.25482560694218,396.7368779703975,True,0,13.777812569718003,1.7206055195543173,1,
55,58067635.35564709,18246.41347727498,0.00942918860912323,21.748436503112316,8459.432666189969,24.695822447538376,211.4444782026112,True,0,44.173327904169575,3.8392243503623296,1,
56,56259233.210865766,9149.832762126509,0.010671036433428526,24.841635515913367,5964.488886296749,34.94417238980532,437.05434491857886,True,0,26.552352229282818,3.237640885498187,1,
57,33523918.123685643,10262.277927837482,0.009180825356394053,27.24533161148429,7870.6337520852685,73.04638620465994,317.6843501627445,True,0,20.001348970077302,2.39017699637094,1,
58,35979994.647728406,6144.969042629436,0.011449035070836545,22.32644804753363,6805.967326276004,58.03399194031954,412.55446830764413,True,0,30.050826878554886,4.0332938989261296,1,
59,42669671.040658824,15195.39298814234,0.008966559365391731,29.72774088382721,4880.395965650678,49.95655234903097,231.95643443614244,True,0,9.81,0.7314977642533013,1,
60,49327115.31354232,5921.789967036182,0.00967976263538003,28.091798229143023,4465.624257922173,20.017029121518135,373.965322971344,True,0,9.81,1.4832753705499102,1,
61,41358429.67535498,18785.548169324233,0.01017003570124507,20.534561593085527,7543.614917434752,71.91892758011818,268.3648622594774,True,0,29.2838039570397,3.11866482916248,1,
62,32423317.31281415,7997.259603860038,0.00846579085290432,25.599794955924153,8939.70240931958,56.93499870598316,475.80823991447687,True,0,23.913379476798603,3.6079996124147353,1,
63,54656964.13219294,13983.438722194032,0.011948204569518566,23.040155060589314,5842.0754466205835,35.00100091099739,281.44067311659455,True,0,33.511724681951975,3.2815472972953286,1,
64,54967613.63708351,8574.77550220249,0.008350077688694,27.285299319773912,5107.410015538335,24.483149759471416,342.211829777807,True,0,9.81,1.3187181111562416,1,
65,32591156.412357975,10487.737312977139,0.011859819896519184,24.68900035135448,7008.638094179332,68.44879988580942,452.53626853227615,True,0,27.28795896723618,3.8697738568358813,1,
66,41152549.581680045,6281.03148705842,0.009502506989985705,29.804120250046253,8131.900803185999,53.43189727514982,207.5568431057036,True,0,23.620813576445705,2.1416631710603737,1,
67,49039894.39629111,14242.79697198831,0.010020139064639806,22.205418022349477,6211.036421358585,39.50006667524576,397.2736740484834,True,0,27.120234673373623,3.2569717108787914,1,
68,42450083.03455738,5547.763207202697,0.011360646642744542,20.559804942458868,5483.2300785928965,30.53345412015915,246.14551290869713,True,0,31.228700559249447,3.1466086241901507,1,
69,35776547.72264274,19191.866548765094,0.00885084244608879,28.002563705667853,8556.362363509834,76.57832585275173,360.864485707134,True,0,20.53860113213039,2.5699648907373316,1,
70,33720163.74022827,8171.61278473342,0.010521143671125173,23.052981197834015,7140.741386450827,61.59155160188675,303.45831979066133,True,0,26.417935421661078,3.1571201925355887,1,
71,56540894.92658504,13102.454028187403,0.009003573585301638,25.493336701765656,4048.1826066970825,45.52018545567989,488.7806178070605,True,0,9.81,0.9358580197338022,1,
72,57729677.73292443,6536.587397640668,0.010777289859950544,28.57689404860139,6552.630272693932,36.677973084151745,263.1361405365169,True,0,26.126767717301654,2.510796682605469,1,
73,34255492.54790027,16295.504511985644,0.009263670846819878,20.98032790236175,4625.614132732153,56.26862499862909,382.5449015945196,True,0,13.090227567690112,1.6308913866639527,1,
74,38366153.139097504,9626.478426427808,0.011124123256653547,26.090879552066326,6061.727335676551,71.25172417610884,287.635285127908,True,0,20.247102713092026,2.0978899757824414,1,
75,45755310.81649371,11123.200015534005,0.008602616522461175,23.49183385260403,7969.011805020273,21.694888211786747,468.2769490405917,True,0,31.984947277545743,4.586089232903329,1,
76,48095375.218587734,7141.573524750756,0.009762475028634072,24.34658331796527,8725.50414968282,48.35327923297882,326.3899300247431,True,0,35.549451599372055,3.99863847503449,1,
77,40564530.25057359,12589.265404764563,0.010276154123246669,26.78907490335405,5626.890171319246,58.77314917743206,432.02915815636516,True,0,16.2091825694107,2.0512753447480963,1,
78,30432679.42785263,5230.324450719065,0.008101736847311258,21.84470944106579,4523.418737575412,73.78637313842773,224.54631682485342,True,0,9.894339572427535,0.8335242316493837,1,
79,51066273.045407206,17093.869270115316,0.011623183500021696,29.28472147323191,7602.701588533819,33.34001235663891,418.95751478150487,True,0,35.38702614594628,4.43523525896182,1,
80,52049490.532837644,5197.3582075864215,0.009455888908356427,22.669645519927144,6476.849965751171,60.48316778615117,460.1696068421006,True,0,23.21567146048588,2.796581436302151,1,
81,30845149.694530312,17992.04595610947,0.010942241404205562,25.26839066296816,8304.907382465899,46.526160184293985,331.4293288625777,True,0,32.246985732021784,4.293845003262917,1,
82,38947928.27070477,7654.186100138877,0.008677976600825787,20.16287903301418,6928.332234732807,31.541301030665636,388.8669654726982,True,0,27.905528509542663,3.8158307050695246,1,
83,46436393.306857325,12281.247547613522,0.011156437322497367,27.759144622832537,5080.924617126584,75.46804124489427,217.64837121590972,True,0,14.247408843839692,1.1839329636353308,1,
84,44900472.5008027,9553.266291698304,0.010443249050527811,29.395068371668458,4265.151336789131,54.55196937546134,350.26055285707116,True,0,9.81,0.9175271238074674,1,
85,37848293.548606694,11692.31055941629,0.009956960450857878,21.95474624633789,7421.229445375502,38.51218892261386,254.03980780392885,True,0,32.05759635038684,3.4668291508575764,1,
86,35672787.313343436,6996.592887348189,0.011657260432839394,26.913946559652686,8505.446362309158,23.500695433467627,498.90422066673636,True,0,43.205045685282954,6.437294647967114,1,
87,59804751.580591686,15875.97232836087,0.008178735814988613,24.471144881099463,5329.655656591058,69.56341994926333,295.16609236598015,True,0,11.016106116482385,1.0054943670863175,1,
88,55785827.6695334,7955.17143524155,0.011921262998133897,21.456099497154355,7844.170547090471,78.28834624961019,371.9361050054431,True,0,39.861411846000756,4.404335536125866,1,
89,33085364.297898415,14032.835584284072,0.008430976714938879,29.055111818015575,6000.395869836211,28.70633328333497,271.03472696617246,True,0,11.61163826280051,1.5684607310361183,1,
90,37055566.534083255,5827.170928837845,0.010198930323123932,23.954168437048793,4936.041753739119,43.721475917845964,478.39568816125393,True,0,15.790941933701477,2.2445830010944623,1,
92,49714153.035409346,6122.690584803619,0.008930084463208914,25.68649129010737,7585.33704187721,66.73214247450233,439.65763272717595,True,0,22.36710287963657,2.6947360989967977,1,
91,44214722.43624658,19057.192532189492,0.009716529853641987,26.55077749863267,6760.409009642899,63.27321792021394,279.34734923765063,True,0,20.1256621310148,2.0129857338404094,1,
93,41936795.24411351,15274.171191743637,0.011420312572270632,23.246436342597008,4413.237689062953,26.317367386072874,315.6117206439376,True,0,19.053052008063666,2.3434925022229187,1,
94,31462228.60325442,9018.455642880892,0.009215347208082677,28.200419610366225,5810.233537107706,41.3058721087873,410.54594246670604,True,0,13.265723560657603,1.9414119473103748,1,
95,52784965.892337345,10427.80931789181,0.010697805851697922,20.75796140357852,8962.677513249218,51.74359483644366,234.64213646948338,True,0,46.68455635740325,4.286682748592251,1,
96,53689780.32855904,6458.962710594821,0.011049294777214527,24.600193090736866,4080.0342531874776,64.21872040256858,393.36832351982594,True,0,11.739727756147209,1.2726554931251084,1,
97,31995468.61081428,14459.135420694807,0.00853559947013855,27.159875901415944,7254.461046308279,42.79060734435916,213.05631874129176,True,0,18.113535627007494,1.9050921357914634,1,
98,42189111.70969274,8722.692064064015,0.01083453991636634,22.099520582705736,8670.995315536857,27.77731141075492,455.65873589366674,True,0,47.83544403789725,6.867662626636507,1,
99,50020502.94609938,10762.988271079854,0.00931310947611928,29.656723840162158,5515.994719229639,79.23203064128757,335.99370094016194,True,0,10.652825156272188,1.062277569978161,1,
100,43519270.15628997,8405.904323300767,0.008036429554224015,27.54266709089279,6331.157703883946,50.81595899537206,494.4150979630649,True,0,12.452243719098204,1.7685571628711634,1,
101,36491988.886712156,13305.900017989052,0.011550062872469426,20.141407633200288,8177.487511187792,42.24819952622056,299.74762611091137,True,0,43.638149267320394,5.462364644834726,1,
102,32936227.07211329,5645.342141428187,0.00981411074474454,25.055413153022528,7054.532511159778,27.26514281705022,354.77678375318646,True,0,27.246040580793633,3.854977006506279,1,
103,55507536.57371294,19702.12806465925,0.010335603173822164,22.651674142107368,5227.8387090191245,65.79897278919816,249.46721475571394,True,0,18.62808484861035,1.5920388552353948,1,
104,58804388.573312655,9872.391054933158,0.00957806895673275,20.813395492732525,7713.062079623342,74.52389707788825,473.90341833233833,True,0,31.046450596018794,3.7737020590022103,1,
105,35070819.229933985,11322.676590210758,0.010087887458503246,28.373345183208585,4559.235136024654,32.47078223153949,283.93031349405646,True,0,9.97905427982632,1.2329016491744724,1,
106,37613953.60853725,6631.345701298054,0.008292094144970178,23.307811859995127,5663.014278747141,47.457484509795904,376.4560552313924,True,0,13.993226173497499,1.7752379266906748,1,
107,44631172.45145796,16768.39432479974,0.01180964992567897,25.865358291193843,8836.172051727772,59.53720910474658,266.4612756110728,True,0,39.85464739421236,4.039929521568925,1,
108,47152488.37672894,5365.777894785219,0.010586695931851863,26.251053735613823,8010.633761063218,70.49613388255239,415.0441533885896,True,0,29.55772258076143,3.539935676863563,1,
109,39567869.46055478,17406.408651195987,0.0090769375115633,23.8500611577183,6185.2077869698405,22.55337620154023,230.05151450634003,True,0,22.12541632541133,2.4988500663058337,1,
110,30999263.242967166,7247.595544023796,0.011308765958994627,28.76867277547717,4750.0078761950135,37.57032128050923,435.15048110857606,True,0,13.215168958126684,2.019524126637487,1,
111,52281649.60249592,12959.051347851513,0.008791150096803904,21.365276938304305,6595.1652228832245,55.479145888239145,320.1752344146371,True,0,23.097223104523422,2.387111384671342,1,
112,50753450.70548863,7544.971564934562,0.010131668481975794,25.43287913314998,5298.416978679597,20.747083723545074,202.7545121498406,True,0,19.962015614377634,2.0639588982859953,1,
113,30250713.860854648,11935.15338196584,0.009641458492726088,22.875642497092485,8389.897948130965,72.18486569821835,402.132367156446,True,0,25.67304439924672,3.838855138270216,1,
114,39888424.99347357,5068.003762567033,0.01197094701230526,27.945606084540486,7305.98397180438,57.196289002895355,347.00536308810115,True,0,30.175087956708524,3.492737826409332,1,
115,47284903.29260847,17675.446055074834,0.008488470248878003,20.385966189205647,4234.215301461518,35.73567472398281,447.65032418072224,True,0,11.01480762154109,1.5004821280081573,1,
116,45984769.685118325,6894.388516756853,0.009142469476908445,22.490333607420325,4961.411385796964,34.269062392413616,308.26902370899916,True,0,15.4788341560183,1.7677912206351725,1,
117,38539826.04754695,15423.278425079154,0.010632743362337351,29.894029702991247,6880.91185502708,72.84271780401468,483.91641275957227,True,0,19.35699426765686,2.5856478843954562,1,
118,34784575.65796387,9312.301070703386,0.008989290021359921,24.989641988649964,8258.405063301325,57.82761763781309,241.36263243854046,True,0,24.48060599794629,2.596292792720789,1,
119,58652140.072669104,11482.613101633358,0.01147170288860798,27.390934824943542,6358.25449693948,49.28411964327097,365.7380606047809,True,0,27.214721100183247,2.8641404020913432,1,
122,34296598.7413676,11789.326599863512,0.010269063998013736,21.428571455180645,4957.887363620102,43.912843987345695,200.68444525822997,True,0,18.38294525302384,1.7335029212399717,1,
121,41109801.79339804,7934.156620798341,0.008973724018782377,26.060816599056125,5802.830686792731,20.399755481630564,350.2296334132552,True,0,17.017768449430264,2.5410500031712138,1,
125,30929870.114394993,6692.519259873423,0.011854523979127406,21.017847191542387,4328.72115727514,31.7709906026721,493.23844192549586,True,0,20.747673597576593,3.222562639524634,1,
123,46831473.90796551,5012.453397813122,0.009575396224856376,27.71791225299239,8127.16300226748,75.38040833547711,449.71138136461377,True,0,24.07112093229113,2.967831130931281,1,
124,46056769.824349426,12675.145923267994,0.008052465405315162,29.80602566152811,8737.560898065567,63.23126135393977,255.92567035928369,True,0,19.467733673180426,1.8942601083746249,1,
120,55215946.380723365,15036.852293323138,0.011183253295719623,24.772720197215676,7711.755969561636,52.80676677823067,300.4237361252308,True,0,36.64640203126202,3.611655155919689,1,
127,54339313.14792072,8450.187018570072,0.010690594051033259,22.68351006321609,7121.728855185211,72.44827527552843,405.2179004997015,True,0,30.119011656924094,3.384801925636301,1,
126,37099358.55830665,19888.41140210099,0.0094039086997509,26.47292369045317,6452.519666403532,40.04878958687186,343.6886677518487,True,0,19.15707537548132,2.4218463436106603,1,
128,54221926.791941345,10200.345117705607,0.00809100091457367,27.14013159275055,5955.069834366441,26.938838064670563,203.05064227432013,True,0,12.694528702811633,1.3325022642240523,1,
129,37211148.083617695,5873.227676239288,0.011753534082323313,23.430140111595392,6624.34255797416,55.58660725131631,452.07042917609215,True,0,29.832749322832292,4.028507447677829,1,
130,30884278.914787263,15982.734366585191,0.00948930400237441,29.08045289106667,8591.750865802169,76.3429293781519,302.82314168289304,True,0,21.17567959866735,2.5662318089926814,1,
131,46226341.74639979,7405.4557973670335,0.010667713932693005,20.369254862889647,4182.822518981993,48.6309421248734,352.62646740302444,True,0,16.324090218127047,1.7918398659163108,1,
132,46964143.69433292,17114.89207744868,0.011206241209059954,22.184932129457593,4791.315766982734,30.801977943629026,341.2964108400047,True,0,22.745252162998234,2.6616429102942107,1,
133,34217080.67621232,9847.840653386427,0.00888819046318531,28.395003667101264,7960.522022098303,58.521487675607204,402.81391898170114,True,0,19.98172221372034,2.688393270243117,1,
134,41254614.4428181,13399.707517123219,0.010370192147791385,24.114244654774666,7271.669722162187,65.91568743810058,253.57119850814342,True,0,26.466936571070413,2.618791466787605,1,
135,55124644.64535531,6212.821235467617,0.009536752920597791,25.325512904673815,5362.826898694038,37.26062152534723,490.8676678314805,True,0,16.444692992160817,2.2352037048097917,1,
136,59433229.90325321,14367.728292335316,0.010060048386454582,27.74035873822868,6891.787011176348,45.08689230307937,312.5173466280103,True,0,24.853861707085677,2.498735024506973,1,
137,39909814.94046834,8272.841487800742,0.009847459722310305,21.528531396761537,6310.452084057033,72.79713455587626,412.6954276114702,True,0,21.620870032303955,2.7399913636674658,1,
138,33829315.754132204,11379.680478185073,0.011395866643637419,25.96115229651332,4528.467260301113,51.632487904280424,262.29091668501496,True,0,13.802843212530226,1.451830879534562,1,
139,49545801.87872402,5272.617009713477,0.008699154742062091,24.750569351017475,8868.930666707456,22.98280205577612,463.2525364868343,True,0,36.31635543637356,5.041371699098914,1,
140,42817636.5668327,12053.80884285595,0.009175182078033686,22.77367463335395,8230.168391950428,40.74607737362385,230.5192886851728,True,0,32.223233188487654,3.156737761401477,1,
141,31881419.513875343,6935.787417900649,0.010982253164052963,26.485572420060635,5148.766400292516,69.40288873389363,443.20422830060124,True,0,14.519015079141441,1.946377645201476,1,
142,37586351.874063626,19080.63472633209,0.008276617728173733,21.005513174459338,5710.523129440844,62.53420054912567,292.7951470017433,True,0,15.06108659345019,1.630634665827413,1,
143,51327627.26896085,8846.710227491676,0.01156830033287406,29.716175803914666,7551.072655245662,34.81660792604089,381.2590477988124,True,0,34.41472912604508,4.109347614113457,1,
144,52268869.19759638,19515.773107003326,0.009878951918333769,23.86628351174295,4103.075192309916,71.57108217477798,458.69908267632127,True,0,10.14452278521138,1.1185053918780505,1,
145,38081790.016512536,8658.972397697977,0.010213603265583515,25.15568164177239,8512.001080438495,40.21873692050576,210.85073603317142,True,0,34.660891248035234,3.3365235330462815,1,
146,32466063.719607424,12848.410381915852,0.008543124124407768,22.3544535972178,6700.69241989404,31.711257472634315,361.59887034446,True,0,21.938392157766607,3.0991714704654774,1,
147,43382022.722701006,6496.384064038154,0.011361913967877627,28.642645180225372,6031.417386606336,63.99915577843785,308.2794848829508,True,0,20.00510278907111,2.0618859069920195,1,
148,48585711.93526404,11632.297363997628,0.010759842954576016,28.900857884436846,5442.686356604099,76.13734705373645,395.4533040523529,True,0,14.310454323188251,1.5866982598116053,1,
149,33342626.286146395,5164.653784923743,0.009082662310451269,20.111539736390114,7351.526721380651,43.85674234479666,335.10725628584623,True,0,27.902268055399958,3.7378510423524496,1,
150,39136456.04698942,15326.54323908757,0.011658413026481866,27.39755599759519,7883.978966623545,20.580890532583,485.8508034609258,True,0,40.4494426330485,6.014757689878442,1,
151,58578177.15483291,7744.148658394658,0.00849660560488701,23.609434561803937,4714.770401827991,51.925710178911686,245.03829451277852,True,0,10.35514682864648,0.9103753621368597,1,
152,56823527.621620774,13707.62726814505,0.011972999390214682,20.70628482848406,8791.355184279382,59.98635595664382,423.05928068235517,True,0,51.24008739561653,6.334016928890722,1,
153,42310683.320282735,6082.015415215839,0.008182528905570507,29.49506787583232,4450.894087553024,27.696712650358677,326.39669394120574,True,0,9.81,0.7046110527293484,1,
154,35271609.00802693,18246.236653949258,0.010574686765670777,22.99446322955191,6388.97408824414,36.73336757346988,475.9601389989257,True,0,27.22732509423949,3.9548918082532456,1,
155,48166377.78856128,9225.523787268516,0.009268354777246714,26.78449067287147,6970.311474055052,68.08379616588354,273.8265134394169,True,0,19.47266529000614,1.8598370882071908,1,
156,44903145.53877646,16340.319145537569,0.008853783823549748,25.749826142564416,7628.83179448545,55.8799160271883,430.05734644830227,True,0,22.542850794828915,2.845452183177602,1,
157,30152924.657649133,7255.05797599261,0.011051725011318923,24.461113614961505,5788.284578360617,24.536841828376055,220.8878854289651,True,0,25.366688012996107,2.9342455685935254,1,
158,36145999.326198295,10882.909379100509,0.009689838606864214,28.029514215886593,5070.122728124261,47.400705218315125,370.45591650530696,True,0,11.160579061945443,1.4277877986754557,1,
159,52937934.66344725,5498.825224358089,0.010403153017163276,21.739566531032324,8151.527178473771,79.68322703614831,280.81999430432916,True,0,33.83663839887732,3.3043762463630335,1,
160,53753464.22765309,15481.800098423775,0.01147573759779334,23.518216609954834,5326.102605089545,67.76931067928672,366.9737484306097,True,0,21.663022971427907,2.239499226314968,1,
161,35912999.14188158,7654.953918118073,0.008681239746510982,27.308145258575678,7156.874277628958,35.37884313613176,307.77682159096,True,0,19.61012717201529,2.460750362634756,1,
162,30596395.596899167,10303.919986607067,0.010077165633440018,20.182616086676717,8001.846024766564,28.948694448918104,457.078258972615,True,0,37.398081684833656,5.886085294678544,1,
163,44583986.09616716,5805.720361319443,0.009767294559627772,28.97134772501886,4910.666775889695,60.403376929461956,217.4148709513247,True,0,10.100107287401661,0.8606586911651315,1,
164,47339878.77939832,12978.31968108959,0.008352754540741443,28.562969462946057,4302.729359827936,78.21059934794903,486.4649404771626,True,0,9.81,0.6700917582830318,1,
165,35428062.8831168,6421.473808523903,0.011554234813898803,22.27296113036573,8633.434563875198,46.73374192789197,239.77488791570067,True,0,41.96158305169188,4.555098093080581,1,
166,41556105.528018266,17287.529117838483,0.009188580501824618,25.216436460614204,6509.645777754486,25.071965605020523,389.07173927873373,True,0,22.664991524634026,3.1975965173588516,1,
167,57037532.60402632,9734.05362626198,0.010905922278761864,23.92763437703252,5918.552052229643,57.484376076608896,336.91064789891243,True,0,24.914824212406977,2.476895085298616,1,
168,57690688.056900874,11020.903161314262,0.009382285278290511,21.679435996338725,7514.650799334049,64.35758277773857,477.5987356901169,True,0,29.591639706614565,3.5930492728613355,1,
169,39391189.93926452,5449.212693351165,0.010712665118277074,27.967538321390748,5596.035524271429,32.90464574471116,267.2435326501727,True,0,18.791325933977852,2.1243003898487918,1,
170,32860035.096651543,14511.450948329168,0.008046228542923927,24.541385751217604,5190.393511205912,38.92280600965023,417.7043213509023,True,0,10.41263312122752,1.4935618955884276,1,
171,48934569.46302005,8176.53119418637,0.011861235160380602,25.83072293549776,8349.82671868056,71.31519066169858,326.8826571293175,True,0,36.97915105813278,3.939084485810017,1,
172,44138473.9187844,18477.834968647825,0.01025919520109892,26.712780501693487,8988.530264236033,53.47157625481486,376.85525650158525,True,0,33.82259758343562,4.161895465682187,1,
173,32322017.292355604,9142.453921902597,0.009585797782987356,22.92460795491934,4569.847924634814,21.057420782744884,278.9977545849979,True,0,14.237027333803217,1.9764761230667214,1,
174,38772473.66391561,12173.061219916372,0.011157505813986064,29.585698945447803,6195.44738996774,43.248372580856085,429.4631304219365,True,0,20.946598746431015,2.811298845172185,1,
175,52071637.55065757,6854.333631171956,0.00899996989965439,20.79628170467913,6854.966716840863,74.72331333905458,226.13458968698978,True,0,23.517132810379714,2.009930122333921,1,
176,50583123.895565115,12445.410423104498,0.010560559764504433,25.552290892228484,4678.3314840868115,22.404644694179296,293.8975184224546,True,0,16.071611386072192,2.021191607963895,1,
177,37855832.62553007,6715.126916492202,0.009344430107623338,24.341609152033925,7769.508423283696,50.01429159194231,356.60992385819554,True,0,26.462814130795806,3.331691506979818,1,
178,31398069.209466677,19714.292462567562,0.011896606963127852,28.149304781109095,7393.136323429644,74.31278822943568,205.87931722402573,True,0,24.941805839650037,2.4069940555459266,1,
179,43094965.35306525,8559.644976751659,0.008195865787565709,21.937426030635834,5562.362192198634,45.7675851508975,444.3706838414073,True,0,14.981689321077246,1.9744640723335019,1,
180,50444942.44693904,14844.916878148206,0.009671985093504191,20.58681758120656,6150.999326258898,33.549058362841606,249.40631855279207,True,0,28.85049910794028,2.7849325497815896,1,
181,33702734.951693796,8004.379098288688,0.010483085453510285,29.29741956293583,6742.0907421037555,62.07231538370252,499.6118653565645,True,0,19.212591862680043,2.764495443426537,1,
182,40607011.65783296,11749.416221594503,0.008773680202662944,23.19243579171598,8396.979473531246,69.7329343855381,348.8858290947974,True,0,25.315880654215675,3.103816506031079,1,
183,59170163.29118631,5104.858073154055,0.011068903800100088,26.90424402244389,4066.2718107923865,42.14545929804444,399.8749147169292,True,0,10.499272677572696,1.295052746736711,1,
184,55934790.30394563,17671.28962224452,0.008592107445001603,29.953284449875355,8114.780458621681,49.25304099917412,259.443465154618,True,0,21.321281921576144,2.023095966288275,1,
185,40960086.19661532,9534.736290701741,0.01125085547938943,21.24199716374278,4955.349709838629,77.79998952522874,470.970128569752,True,0,18.66210917502265,2.3872506163309226,1,
186,34743104.14854087,13844.410501610078,0.009990669872611761,26.267384672537446,5829.586899839342,54.02700446546078,321.4263390749693,True,0,16.66051341913891,1.9525901485955361,1,
187,46660913.14722055,6011.095914681062,0.010164806388318539,22.557332245633006,7748.204484581947,26.419274676591158,408.73196367174387,True,0,40.197528262072126,5.336069203376553,1,
188,45403369.76767514,10538.900702613593,0.011703425753861666,24.996854374185205,7090.196484699845,38.60140947625041,285.18695440143347,True,0,36.11563838633125,3.793862897775992,1,
190,36573017.736268215,16502.3748426263,0.01086760551482439,21.302387975156307,4336.175030097365,58.11819603666663,234.6675400622189,True,0,15.224188889271376,1.443666389684267,1,
189,31000919.668877244,5682.5155239376345,0.00838964842259884,26.20807151310146,6430.679616518319,66.18713956326246,384.215896576643,True,0,13.540189769109466,1.7738896798953865,1,
191,54464163.95224682,7169.988573630709,0.009037951420992613,27.51236042007804,8754.85967937857,29.593022353947163,434.4800210557878,True,0,33.026115058807,4.251920988654241,1,
192,55001514.59937932,17484.171973458335,0.010966123010963202,21.143480502068996,7182.987938635051,41.25056814402342,481.25638645142317,True,0,40.087702306461196,5.06778217853899,1,
193,36734193.61254439,9640.449665049857,0.009128900311887265,29.854085948318243,5264.3988616764545,68.96088181063533,243.95749419927597,True,0,9.848152924753185,0.8538381208744557,1,
194,31327977.70548584,13117.766230696296,0.01161467018723488,22.6553148124367,4897.945701144636,62.96915549784899,393.5288858599961,True,0,18.071506201346082,2.3368006188493453,1,
195,45634340.28498148,6347.028088312128,0.008292835984379054,26.36711726896465,8057.405106723309,34.31962689384818,332.01353242620826,True,0,24.656092871895424,2.9684773579085393,1,
196,46361696.46268785,10428.188771948033,0.009831363268196582,26.10890575684607,8655.96136637032,44.644986633211374,361.76290614530444,True,0,33.636645161695704,4.02832932781091,1,
198,40724983.87362149,15637.54647839514,0.008745558369904757,27.612212784588337,5902.093617245555,51.13563494756818,461.5376938134432,True,0,12.646981627706092,1.744761326717476,1,
199,55916009.10132189,7571.326467433682,0.011411874994635581,21.400328259915113,6561.620087362826,23.418084904551506,212.5154661014676,True,0,43.80020456487588,3.8601315038882933,1,
197,34707936.75048999,5746.0047827307635,0.01001355667039752,24.89822748117149,4237.286170013249,73.30198362469673,311.96171725168824,True,0,10.10412208504354,1.0036434356776045,1,
200,58910546.787324786,12312.19608276237,0.008934682171791792,24.28395270369947,5619.742480106652,30.365449655801058,371.79304603487253,True,0,17.816212076691926,2.171883361390524,1,
202,33532154.242565125,18675.410272466455,0.009520744577050209,21.995769161731005,8334.701024927199,65.41689032688737,434.0666160918772,True,0,27.51447048983757,4.087395789819098,1,
201,40210291.601096556,6788.6453251364155,0.011222337640821934,25.49516369588673,7450.545156374574,59.01317559182644,283.32699052989483,True,0,30.272866433954043,3.2043542670650917,1,
203,49918306.99065037,9036.187598383558,0.010323788542300462,28.205745294690132,5243.552779778838,37.70471677184105,221.3840994052589,True,0,14.901135072349271,1.437905015674805,1,
204,43138630.80663155,14687.26115382795,0.011799815885722638,29.240411017090082,4594.8529206216335,27.430856116116047,472.53423696383834,True,0,14.32983029615225,2.3554124218140666,1,
205,31600711.193828613,8092.697185982894,0.008107131119817496,20.529117584228516,8925.570073537529,55.15020838007331,271.57505797222257,True,0,26.617298165625876,3.399278036219976,1,
206,37868547.732964545,11131.200156272578,0.010651495639234782,26.960718547925353,6840.9843891859055,76.78738158196211,422.31009528040886,True,0,21.1334079789985,2.6793759164686657,1,
207,50875136.53255071,5389.517737638115,0.009442934095859529,23.25066980905831,6249.902612529695,48.132244031876326,322.1298774704337,True,0,22.705823906675292,2.3771305090323893,1,
208,51598101.00836121,11891.118061156123,0.011004318132996559,27.869632048532367,7821.293115615845,56.380401365458965,254.32117292657495,True,0,31.492904900252114,2.873781515319176,1,
209,38628290.835084066,5052.351367437475,0.008838725347071886,21.57962710596621,4661.831400357187,24.090600591152906,495.1358365826309,True,0,13.997184103613234,2.3639696078164314,1,
210,32049769.966144383,14994.256389557275,0.010418246190994978,25.929315891116858,5497.189681977034,47.838978953659534,344.7209605947137,True,0,16.754479794588526,2.1138737370874914,1,
211,44004113.08251379,7916.934229068121,0.009737280167639256,24.640507958829403,7415.776300244033,79.18933590874076,405.06458543241024,True,0,23.365701919480017,2.8275278187008954,1,
212,49283482.11868108,19938.539153911377,0.008135209146887064,22.824831884354353,6797.615178860724,59.54044485464692,298.8146610558033,True,0,18.88339055342687,1.9220942708651443,1,
213,32915778.896796953,8477.334373703432,0.011957784354686737,26.61476392298937,6138.086399063468,28.19732740521431,352.131605707109,True,0,28.31095557427785,3.887732852818796,1,
214,39698919.574116826,12579.131218308188,0.009283535115420818,20.895523754879832,4004.683774895966,36.239833403378725,201.7121604643762,True,0,11.151324180053011,1.0528267750701235,1,
215,57827684.85909984,6637.276735250536,0.01062197184190154,29.684249544516206,8423.35651256144,68.52216891944408,449.56264393404126,True,0,30.401875130101935,3.4671128703692804,1,
216,57250429.230375394,16702.305809284673,0.009097877293825149,27.24987842142582,5009.536636993289,75.70390867069364,289.95518358424306,True,0,10.11315013428561,0.8810099807590691,1,
217,41937482.63567288,7096.474577787828,0.010807162676006555,23.461699802428484,8100.687340833247,44.351749047636986,379.593528714031,True,0,37.70864827728797,4.808627291315056,1,
218,35536237.865475774,10644.37371593947,0.00844932058081031,29.029080467298627,7685.431526973844,20.077859107404947,230.35604190081358,True,0,21.175709065820172,2.6888117816217387,1,
219,47742008.199811295,5620.264843829813,0.011643232725560665,20.239666989073157,5854.631160385907,52.365799993276596,439.5233482122421,True,0,31.592442179785557,3.8584177676615874,1,
220,44508481.85795901,14002.648588325104,0.01022866176441312,22.21656289882958,6483.720793388784,72.06619013100863,264.21398259699345,True,0,23.759739577805817,2.304522166550048,1,
221,30379782.054543097,5953.488691165993,0.009926358804106713,28.504659151658416,7074.805028736591,39.785656835883856,466.34547132998705,True,0,21.55305852900777,3.3117029698403915,1,
222,35827919.37339699,17860.240709492773,0.011314472384750843,23.984719216823578,8690.79106580466,32.15147536247969,317.11255265399814,True,0,42.75717533917043,5.50238966385651,1,
224,52991856.222454615,13266.949843923481,0.009600859642028808,29.43794544786215,6597.965910099447,53.01811160519719,346.34221233427525,True,0,18.003030421965803,1.9578844995684848,1,
223,53336789.56506084,9423.910412869034,0.008528030943125486,25.274060163646936,4360.07622256875,63.49645225331187,413.7775802053511,True,0,9.81,0.8260128108668938,1,
227,45162131.23162866,9949.869728503993,0.011142416648566723,23.052811129018664,8536.225888878107,75.15413254499435,495.639216247946,True,0,35.88601827880032,4.986970228075746,1,
225,36379093.67797032,6281.643505912218,0.01030660593882203,20.64862361177802,6016.657181084156,21.565131321549416,398.50116688758135,True,0,31.308430012935865,4.540364748785526,1,
226,30163213.32953037,16910.044876269938,0.00895253187045455,26.840926418080926,4195.73628436774,42.76193419471383,248.94672287628055,True,0,9.81,0.7158278725407119,1,
228,47954790.277483076,15813.666961428024,0.010727876622229815,24.403418386355042,7937.882734462619,64.86562166363001,208.09415550902486,True,0,32.31738211301568,2.7366972268156653,1,
229,34927200.70049788,7492.554483927304,0.009429601028561592,25.692812828347087,4856.487886048853,32.451308723539114,447.7599664591253,True,0,11.866917425807417,1.867181979115772,1,
230,42096314.37924709,10085.088712739278,0.011813946701586246,21.79779578000307,5379.327522590756,39.35398396104574,298.200954310596,True,0,28.12208728609817,3.0241166612241184,1,
231,56230601.0899162,5930.066055821082,0.008031044345349073,28.085993509739637,7219.884191639721,70.8288530819118,357.39572644233704,True,0,15.236483174537623,1.5972608714936731,1,
234,33151420.447654385,11910.152411259545,0.010921106468886138,28.742382545024157,8884.3226255849,25.519279278814793,288.3173010312021,True,0,37.321548025071955,4.818894215108927,1,
232,58202845.038184784,18890.57100157244,0.0115069190710783,25.056478371843696,6286.55154351145,78.6981537565589,235.71171537041664,True,0,25.226959574585294,2.0360668410888993,1,
233,39096632.970869616,8944.412828769206,0.008337543059140444,23.767771618440747,6955.855270847678,46.30775762721896,439.0378152951598,True,0,19.939510514206248,2.7115992774528923,1,
235,48569139.34922166,7007.8585939743125,0.00923586893826723,22.45243139564991,4475.425282493234,56.97411900386214,386.1769397743046,True,0,11.622187746336229,1.3090504397747278,1,
236,43809801.89547906,11258.695517321248,0.008633828971534967,20.012908075004816,5123.722493648529,67.34342584386468,317.7074850536883,True,0,14.613779517279069,1.5320491378042753,1,
237,32609311.42389701,5334.453668152026,0.011460675686597824,28.80169689655304,8292.94069763273,35.86675405502319,408.5313039831817,True,0,34.488459350765105,4.926921987018545,1,
238,38483345.454973646,14206.117007331171,0.009782383762300015,23.707379614934325,7565.16657397151,28.438567239791155,257.81535897403955,True,0,32.224602486925406,3.6223423298986597,1,
239,52535040.29367084,8353.155611769556,0.010124603714793921,27.497403593733907,5656.3356993719935,60.85102029144764,468.1681390851736,True,0,15.974639064851642,1.9476814090614856,1,
240,51240975.97471258,15164.417264102685,0.008435925971716643,21.47201935760677,8460.02608165145,38.151950258761644,390.7006389461458,True,0,33.508363945216495,4.207124445553138,1,
241,37320055.95437658,7835.23077350319,0.011719552166759968,27.682087132707238,4119.534018449485,66.69908441603184,339.7139941342175,True,0,10.66123122541124,1.1523426901482643,1,
243,42485509.11398131,5214.634968142292,0.010821232009679079,26.01888980716467,6678.166455589235,30.020751655101776,239.97475411742926,True,0,29.75687947394428,3.0558476008136726,1,
242,31806060.36336345,11500.86083200868,0.009021729037165641,24.807615485042334,6096.860036253929,57.628438863903284,490.1824377477169,True,0,15.634039204127893,2.308418879785242,1,
244,49730474.28303406,12721.11481939577,0.011297351323068142,26.427266877144575,7295.9672482684255,49.76508531719446,453.94870582967997,True,0,32.21711150719747,3.9589925744770715,1,
245,34139963.042126805,6568.347422153415,0.008608207549899816,22.717271633446217,5455.4081205278635,77.35088681802154,215.45518450438976,True,0,12.721861826869416,1.172033065196738,1,
246,40031464.63517316,19282.18969377941,0.010148802254348993,29.773794738575816,4776.473307050765,54.454863630235195,365.92821637168527,True,0,9.956413209329698,1.1423563056013677,1,
247,59938406.41597121,8748.6842305938,0.009944269984960556,21.06260278262198,7857.865845784545,25.929847192019224,303.21823386475444,True,0,45.550634834575646,4.886737103870908,1,
248,55517984.568564475,10767.205811378446,0.010466985400766134,23.330326452851295,4396.4385110884905,34.03352286666632,425.1583377830684,True,0,15.46475580385262,1.9727203658180028,1,
250,34484570.276454896,16156.519903017748,0.01111530363559723,20.46838183887303,7033.270863816142,70.18448237329721,374.6412117034197,True,0,28.771383448860526,3.905650842124882,1,
249,41324378.25326831,5563.314884722107,0.009625489287078381,27.04223008826375,8805.338163860142,61.643012296408415,225.34799361601472,True,0,28.452724860474873,2.681621370470294,1,
251,47075417.3928951,7325.491212335624,0.008789684299379588,29.179041078314185,6363.969595171511,41.639207657426596,275.6098287180066,True,0,14.504817462987303,1.5747920654883296,1,
252,45805717.74983275,18064.484248374185,0.009328303672373296,28.296982320025563,5735.124657861888,21.9756699539721,418.16256027668715,True,0,15.259923497269556,2.4427879319612233,1,
253,30769591.208208896,9327.4100818659,0.010514282207936048,22.08516082726419,7643.95784214139,50.49888372421265,330.85451275110245,True,0,30.42260590377917,4.096545099108087,1,
254,36897522.828173704,13544.26088674604,0.00824223931506276,25.4240682721138,8215.632318519056,73.80689533427358,480.1431459374726,True,0,19.73163667437354,2.7947639930827832,1,
255,54057154.38352062,6145.214809492641,0.011912829354405404,24.213481936603785,5046.416573226452,46.21923394501209,268.61863723024726,True,0,23.31115194091832,2.142276442204889,1,
256,54098388.57655035,13590.609283293628,0.010298384416848421,28.12092712149024,5354.36087846756,61.51697484776378,452.81767919659615,True,0,14.20346518186003,1.705688827682315,1,
257,36938198.003872685,6166.243753206154,0.009608621701598168,21.83152910321951,7263.193569146097,33.929307870566845,202.63244565576315,True,0,30.90183279766839,2.9862336262353253,1,
258,30813897.558903553,18102.16094995118,0.011150058455765248,25.67771445028484,7951.903562992811,41.764905359596014,353.04298317059875,True,0,32.090001013637604,4.394846395222541,1,
259,45887286.56112457,9346.863985632941,0.008944434236735105,24.38952268101275,4782.687175087631,70.28812874108553,302.0787884481251,True,0,10.55849830537978,1.0122938813503455,1,
260,47135166.60040674,16123.231126031484,0.009437088280916214,23.076775101944804,4191.456028260291,50.62825068831444,403.55887124314904,True,0,10.406595849297394,1.218875398184737,1,
261,34516614.79496596,7310.397879749175,0.010719868574291467,26.866093361750245,8600.355168804526,22.082971278578043,340.8805119805038,True,0,39.04632021402608,5.524878172060335,1,
262,41404852.47184168,10730.257383974962,0.008023160245269537,20.644494872540236,6632.82333035022,46.08952723443508,491.2864634767175,True,0,20.766141919606447,2.9092802729059724,1,
263,55607192.89829656,5544.223933719891,0.011821313761174679,29.432616122066975,5963.521400466561,73.69902538135648,252.82456539571285,True,0,20.62752172430315,1.7443252700102945,1,
264,59862342.31412176,19348.582585054726,0.008329931799322367,27.46275474317372,7540.165377780795,66.80270127952099,412.28095032274723,True,0,18.67240225108621,2.069545832804575,1,
265,39994137.48622487,8778.807838900657,0.011515047252178192,23.673971882089972,5699.605719186366,38.27767567709088,313.26316613703966,True,0,26.73809578002573,3.0344220368034103,1,
266,34073560.25117704,12747.377288418198,0.009244121186435222,28.817118480801582,5137.706385925412,29.916566163301468,462.50503612682223,True,0,10.276671532839492,1.7788223667201732,1,
267,49650491.677547924,6581.907685680796,0.01091337513551116,20.027090925723314,8219.098244793713,57.502373699098825,262.70829075947404,True,0,42.38733500609582,4.229563772544801,1,
268,42453186.85485686,11476.921795119953,0.011468529120087624,22.42879033088684,8880.005433224142,77.2430463694036,442.7874711342156,True,0,37.94940483982197,5.326049045112619,1,
270,37266447.71773908,15112.699134091989,0.010117085855454207,23.77218541689217,6321.3744116947055,26.037119012326002,380.5138451978564,True,0,26.717213272841192,3.7293766341776093,1,
269,31771165.82807936,5203.780667381626,0.008626431245356798,28.717503044754267,4539.512820541859,49.63535089045763,231.26738807186484,True,0,9.81,0.6326384495603419,1,
272,52450610.15698428,14178.048834602389,0.011727230302989482,21.08746320940554,4703.857610933483,46.41277639195323,211.60481674596667,True,0,23.60551668598478,1.9308442425125802,1,
271,51150098.65046461,7808.508838893164,0.00979036120325327,25.06213298998773,6902.68013253808,54.58425831049681,293.2102233171463,True,0,24.826269557626624,2.448185423283794,1,
273,38408452.067352615,8336.651499951115,0.008427849408239126,29.797454876825213,7873.076308518648,78.82522385567427,458.2739838398993,True,0,16.014307481277697,2.119915702264134,1,
274,32578954.996378426,11221.011704395247,0.010813035193830728,22.71163608878851,7340.46149160713,56.86944713816047,308.7074089795351,True,0,28.944661015302906,3.5909542201156217,1,
275,43754142.558658056,5316.598865971328,0.009029531061649323,26.422834005206823,5431.63125962019,25.39278496056795,360.84303725510836,True,0,14.044579130428547,2.011688780408381,1,
276,48482962.79517251,11949.89977708841,0.008600283425301313,26.05231661349535,6042.467864230275,35.75842723250389,335.86361687630415,True,0,15.750056189153527,1.8949123966226786,1,
277,33103829.122052085,7031.245602670394,0.01130469361692667,24.842245262116194,6711.772103793919,67.21326226368546,395.0259253382683,True,0,24.529074532366117,3.2337240658197124,1,
278,39053670.74534743,18928.372036609206,0.009951736226677894,27.667885208502412,8522.898821160197,60.959694012999535,245.46392085030675,True,0,27.129673094499964,2.7335535743436643,1,
279,58158673.721705005,8962.311189202415,0.010140757936984301,21.456616846844554,4114.0021393075585,28.5693066008389,485.09726813063025,True,0,15.10541012490866,2.1335388505786863,1,
281,42157005.20203732,5918.224385387333,0.01045927495881915,25.40012337267399,5061.661625280976,52.913467455655336,423.81650852039456,True,0,15.525333286624859,1.9390136951400132,1,
282,34965673.31080055,15761.070786305983,0.008782097924500704,22.09050922654569,5779.660605825484,75.28123214840889,273.07211086153984,True,0,14.86451058625398,1.56559659431163,1,
280,56330629.05682868,10064.94980259845,0.009633777685463429,24.188295919448137,8143.055942840874,21.43860749900341,325.970736797899,True,0,40.37358827102244,4.768349492935923,1,
283,47991407.07987991,7467.6341897689035,0.011123471960425377,28.30109198577702,7620.217954739928,42.86692524328828,476.384343765676,True,0,32.38528621817323,4.1571548012579855,1,
285,30221906.17728234,9983.286333944226,0.009336256287992001,20.433429153636098,6397.612216882408,64.97426766902208,430.8122765272856,True,0,20.394054779166808,2.997465611276392,1,
284,45234764.57377842,16966.836988472456,0.010506724264472724,29.145326828584075,6978.920396417379,32.58207758888602,220.46422604471445,True,0,25.794300570406477,2.5272158602852657,1,
289,35788466.24694777,9455.360401738155,0.010958199005573988,27.58704598993063,6518.259468488395,75.58106573298573,367.42487363517284,True,0,19.947043510919073,2.394040060603396,1,
286,36412939.098144844,13293.216620886344,0.011920661836862564,27.056106720119715,4459.350571036339,70.69865999743342,280.06331184878945,True,0,12.872707573652372,1.2935878075847813,1,
287,53059050.865199074,6294.080234231186,0.008234805379062892,23.345443904399872,8799.840874038637,39.24568485468626,370.88240114971995,True,0,32.00703568543743,3.8309264697581553,1,
288,53296152.65807961,17919.84511225429,0.009136242724955081,21.37636413797736,5927.175875753164,44.236094430089,307.0676678791642,True,0,22.296369604609446,2.2792076938698074,1,
290,30336099.43511296,14030.66863122644,0.00828479178622365,24.902356369420886,8641.905948519707,52.481794357299805,216.9609204865992,True,0,22.677674006658805,2.4333017075389516,1,
291,44429377.99338336,5965.4020149883,0.011622136548161507,26.114234933629632,4311.190611682832,20.201270673424006,457.7891650609672,True,0,16.011873342173686,2.6796640899901827,1,
292,47681494.92237925,10623.342767095775,0.010005479987710715,26.332183508202434,4902.210441417992,39.89799624308944,239.06343644484878,True,0,13.315219124193876,1.3266082634116105,1,
293,35503238.86568219,5609.160360237872,0.009839041285216808,22.621581638231874,7993.360484018922,72.18593243509531,486.91836344078183,True,0,26.92014268584073,4.023050322260542,1,
294,41855963.905534156,16646.40176901805,0.011419676899909973,29.869184475392103,7148.265206255019,63.38445259258151,336.4589773118496,True,0,24.61277601521313,2.730889722896881,1,
296,57901145.38256256,12621.37802704155,0.011230290375649928,23.274310724809766,6866.032095625997,24.21404166147113,267.69837718456984,True,0,41.505115820276565,4.177719482898286,1,
295,57158590.9231869,7072.722164204554,0.008737361434847117,21.157376058399677,5317.464327439666,32.03230168670416,389.7803654894233,True,0,19.032925566449073,2.280710491516859,1,
297,39735971.807239264,6659.56800779093,0.008927124347537755,26.985598197206855,6206.502635963261,56.49636801332235,476.88815146684647,True,0,14.84685888342817,2.029496469249277,1,
298,32979925.906358927,19978.01478071952,0.010316354725509881,20.524703934788704,4580.760566517711,79.0664634667337,327.5904160924256,True,0,14.179372217942655,1.6156878600421316,1,
301,32084977.619681146,7901.1250078716275,0.011808104164898397,22.02917704358697,5179.466415196657,59.42847291007638,376.1469521559775,True,0,21.34442537987634,2.7219872904527227,1,
300,32472484.01614963,19899.472901185272,0.008441427115350961,25.01185268163681,6258.177227340639,49.859798699617386,295.6771610304713,True,0,14.895019297155391,1.7665322199863356,1,
305,56858147.14185101,5794.177393010247,0.010886762749403716,24.70780431292951,5798.216989263892,46.65586460381746,291.4014767855406,True,0,24.70924913881592,2.3507244579064954,1,
304,42111675.16351365,12636.296270307075,0.008514262594282628,26.39171983115375,7826.618022285402,63.443868048489094,363.19981971755624,True,0,20.308349120694587,2.4074704108702663,1,
302,55687552.84874553,12058.92053305871,0.009495726402848959,28.243998251855373,6842.928897589445,78.70723079890013,213.45182079821825,True,0,18.127735307740764,1.4329094902358386,1,
303,41229623.57498989,5530.571185548952,0.011118220828473569,20.319525822997093,4282.249418087304,31.86245035380125,441.1494399420917,True,0,20.303178675684272,2.730096574952863,1,
299,33960224.004050404,9996.617045856741,0.00964967441186309,27.46782723814249,5369.467983022332,22.38612873479724,424.8656992800534,True,0,14.52278986075788,2.4839393319654617,1,
306,42941037.677543014,19019.23675420976,0.009547851815819741,29.41020376048982,4663.797985762358,34.12237606942654,445.6448127515614,True,0,9.81,1.2917818559985286,1,
308,33215257.27225324,14637.130694548312,0.010233215402811767,20.80626136623323,6724.810987710953,50.453148540109396,492.26730009540915,True,0,27.104531795539444,4.059321460108942,1,
307,31792422.392997902,7333.630397469473,0.011925358820706607,21.70949968509376,7711.023894138634,77.33982287347317,227.10225358605385,True,0,31.401611317987985,3.4549815777543778,1,
309,48910808.317641266,9490.371015077222,0.00835571799427271,28.106420366093516,4400.318228639662,37.11848562583327,274.8339606449008,True,0,9.81,0.6309314012446191,1,
310,54551000.82399952,11627.709769483037,0.011204386938363314,22.808472169563174,6061.926010064781,21.160756070166826,391.8608228676021,True,0,35.96753183904562,4.566100280418337,1,
311,37033921.735868044,6339.396130795638,0.00933189244568348,26.12309276126325,8813.211569562554,67.83160062506795,318.3862077072263,True,0,26.174145236157543,3.1352690779968935,1,
312,38553223.42830529,17256.48829783094,0.011410272184759379,28.513080906122923,5519.567328505218,74.58553368225694,481.2103284522891,True,0,15.997556640900195,2.0954326715920004,1,
314,47012540.212181814,13635.570907505926,0.010401873346418143,25.416433680802584,7434.902057051659,45.774705689400434,412.29798067361116,True,0,30.527081988412405,3.7509272034274543,1,
315,34625486.324974164,5258.50007901139,0.00802449794858694,23.185571040958166,4939.968624152243,58.70104340836406,335.44450802728534,True,0,10.165929350082093,1.118555180158466,1,
313,52363984.48524473,7914.252819381122,0.009037655681371689,20.10902712121606,8105.295026674867,27.502701822668314,248.38639041408896,True,0,40.821127452089755,4.062264834518527,1,
316,30327028.447599106,10538.427909687018,0.009816729456186295,24.332961905747652,4110.158380120993,68.82991194725037,384.94614474475384,True,0,9.898576702771129,1.0950156093455072,1,
317,44922136.259393886,6831.469181946467,0.011694114331156016,27.101083602756262,7015.019786544144,25.786415338516235,307.15053835883737,True,0,35.993717336829896,4.2337539083713915,1,
318,59563133.12470439,15774.596407244928,0.008870904706418515,22.40876181051135,8525.406709872186,39.98999025672674,433.2602895796299,True,0,36.23344266420529,4.438693206997618,1,
320,40504222.332389,18329.40047870338,0.008916768185794354,20.008586272597313,4819.526189006865,67.50880928710103,257.26859038695693,True,0,13.699229356615225,1.313787352881939,1,
321,59998103.68103884,8404.895207824504,0.010539383258670569,28.55920072644949,7555.305004119873,20.5450245924294,488.7389739975333,True,0,35.41576595342022,4.84162380350049,1,
319,40224198.787765674,8599.1412119653,0.010743526991456746,29.006324503570795,6349.7583623975515,56.95560600608587,201.98216335847974,True,0,19.717503684666788,1.7326560401042,1,
322,45234876.034184374,13138.232126029934,0.009895872294902802,23.261445201933384,7982.317009940743,38.67071574553847,324.2228495888412,True,0,34.955267211000006,4.062883940776084,1,
323,30548489.48724538,5065.845700564272,0.011523250076919794,25.32652109861374,5642.508241347969,51.712381299585104,402.4304488673806,True,0,20.89064283693118,2.8255596191918615,1,
324,34748779.14567084,10138.812801790762,0.01032281341776252,27.157502807676792,5906.3694681972265,76.72512136399746,278.4963988699019,True,0,15.637415638793767,1.6327170089805125,1,
326,52550435.38265615,16730.23003171827,0.011364339146763087,28.925338611006737,6569.245514459908,47.91612733155489,228.29741658642888,True,0,25.664438700223876,2.2453556160489887,1,
327,38703598.89906872,9121.626047137735,0.009241714477539062,22.47448917478323,4555.893462151289,64.99712813645601,460.8558461070061,True,0,11.452976903296081,1.458793547189651,1,
325,47195907.04609427,6573.5330233117775,0.008195429973304271,24.223441779613495,8968.758798204362,33.800614699721336,355.0111297518015,True,0,31.39660433883401,3.914909379603785,1,
328,37203545.84092784,11896.37649286135,0.011000251669436693,24.783907355740666,7277.953607030213,56.340904496610165,298.9244047552347,True,0,28.759773378084972,3.2487581779257972,1,
329,54782308.647682816,5455.821433998216,0.009377749130129814,26.30157836712897,5096.907462924719,39.66822888702154,372.0785819925368,True,0,12.769838050106562,1.5507291385813022,1,
330,49134827.307324104,19738.782760919374,0.010062359612435103,21.609135130420327,5362.646883353591,27.046678066253662,217.23128408193588,True,0,24.35837632389964,2.316005454720455,1,
332,32002914.215672176,15214.363487829583,0.009718792542815208,28.025663355365396,8682.183498516679,58.37825207039714,244.89321913570166,True,0,25.325259560148055,2.7729424290374083,1,
331,33356099.770285677,7612.368938485915,0.008434854038059712,29.456247286871076,8262.224934063852,70.38317203521729,434.4174367375672,True,0,17.561240883786212,2.429120073109889,1,
333,43210726.09398368,9862.966831850148,0.011846292335540055,20.87175984866917,6192.991185002029,45.15897421166301,463.609731849283,True,0,34.22084941376896,4.491801872979693,1,
334,57234608.738353185,10963.766766746707,0.008718330092728137,26.179588260129094,4266.945310868323,29.054931942373514,345.97833547741175,True,0,9.81,0.9279717173681425,1,
335,42376144.317627385,5976.4042195847,0.010840823154896498,22.698875749483705,6858.223393559456,75.84476644173265,418.17034957930446,True,0,26.55413742255071,3.3288354103481006,1,
336,41502607.77844656,11471.670682641528,0.009291582193225623,29.320311043411493,5870.731944218278,43.79442708566785,496.0833855904639,True,0,13.19354067801259,1.9789940493402796,1,
337,56037280.89556175,6254.621105481324,0.011164084784686565,22.09903819486499,7754.093456082046,60.637376476079226,268.0653352290392,True,0,39.24297031379679,3.6202602958916166,1,
338,44133866.050253965,14518.576140116505,0.008270562384277582,27.416977491229773,7707.9411232843995,72.64003058895469,395.0714466162026,True,0,17.501564042940764,2.086024790872497,1,
339,32676425.272408262,9413.055934518145,0.010148067891597747,24.022551644593477,4666.8902188539505,29.49214955791831,313.4315401315689,True,0,14.722319624249378,1.9475568282560853,1,
340,34115767.11693615,18762.81317629687,0.011948113851249218,23.500172700732946,4461.9279922917485,41.84757389128208,367.05242013558745,True,0,17.92182484996676,2.2699215729958593,1,
341,50235516.998892836,7234.488814517431,0.009570614006370307,25.107334721833467,6663.2108353078365,55.11267103254795,284.59626492112875,True,0,22.406592091445887,2.186404570283647,1,
342,53581858.82875862,12534.21444520135,0.010989519357681275,20.42431542649865,8799.051946029067,70.66373500972986,448.8188478164375,True,0,42.8376238826177,5.585900852309873,1,
343,36375022.69244193,5747.581613360367,0.00861702636256814,28.202074598520994,6076.07617136091,23.937944509088993,222.18410316854715,True,0,14.024293271452342,1.7301136921830336,1,
344,37893848.70974223,15990.806153756139,0.01062506191432476,25.813905587419868,8099.842449650168,32.24277686327696,378.2564824447036,True,0,35.16523201479458,4.74390362438096,1,
345,51467588.29997926,8716.588639184842,0.008752446789294481,23.123142970725894,5525.029516778886,79.26336716860533,310.89681601151824,True,0,13.876941367467852,1.3410301766975294,1,
346,48189011.92652335,10623.770142011399,0.011687053449451923,27.795478431507945,5015.14917332679,61.514873057603836,428.23581639677286,True,0,16.210873002643396,1.9099755848812305,1,
347,35491413.54270838,6887.1189213413945,0.009809675734490157,21.121466225013137,7359.712045639753,48.54091361165047,205.2717479877174,True,0,29.482007428137813,2.8635802504435324,1,
348,31233058.910194308,13820.416888957423,0.00809409673884511,21.399716464802623,6998.65233246237,22.94329507276416,474.4840819388628,True,0,23.731984606932855,3.9030534873564933,1,
349,46264934.71643519,5329.981926579868,0.010471480235457421,29.724268978461623,4126.516222953796,66.03441340848804,252.16918075457215,True,0,9.81,0.6594027706394947,1,
351,39616561.16079487,7978.892856474722,0.011466131158173085,26.70753980986774,8461.28401439637,35.34145453944802,338.6975106783211,True,0,40.21609152127333,5.012431867973572,1,
350,58662425.49353053,17398.07381226255,0.009093506556004285,24.397487035021186,6413.890520110726,52.2448287345469,407.31001794338226,True,0,20.786455565538404,2.3312170769414946,1,
352,39039923.74883083,13413.67428074439,0.010118504371494055,28.414858914911747,4496.665574610233,49.350890442728996,388.72886803001165,True,0,9.839308610827826,1.160138614732618,1,
353,57511930.79150746,5171.093741522826,0.008495881669223309,20.48069477081299,6628.196687437594,62.62509994208813,321.5136027894914,True,0,22.92094837943536,2.2747233603825188,1,
354,45280154.288579404,17919.995451153893,0.01106910702958703,25.163258835673332,8911.905000917614,78.16145200282335,495.1023170724511,True,0,34.328068766269865,4.680646894677665,1,
355,30747731.71506503,8215.903715638235,0.009441721618175507,23.712191842496395,5962.965624406934,31.426549144089222,271.9944196753204,True,0,20.087005215982046,2.484643454364379,1,
356,35090627.850868344,16397.85330453054,0.008649490050971508,23.765975758433342,5582.2979202494025,36.29662873223424,447.454384341836,True,0,14.909752264318305,2.2116463252878305,1,
357,47406854.92425476,8941.968424503282,0.010776865866035223,27.31649663299322,8042.880339547992,53.14874770119786,225.28805071488023,True,0,32.199165213227175,2.861735449314912,1,
358,50547360.42986884,10377.409018913275,0.00966263246536255,21.99932251125574,7497.603479772806,65.13680255040526,361.67917400598526,True,0,29.009798805194976,3.251564194925954,1,
359,37427328.816056766,6729.33059749884,0.011785249505192042,29.06419038772583,4877.561648376286,21.97975194081664,292.9175269789994,True,0,17.120971983890023,2.3428853104583744,1,
360,35760030.57513782,19340.39526698704,0.009956899806857109,26.763312378898263,6955.06464317441,30.43267486616969,431.7047589458525,True,0,24.80619245912083,3.645794096186444,1,
361,52938133.24745661,7455.061442017439,0.011579394716769456,24.609659807756543,4169.770126231015,73.52930067107081,203.5422895103693,True,0,13.044153521817746,0.9976709005640464,1,
362,49582955.01924686,12172.534587648148,0.008980740554630757,29.93690204806626,6292.187376879156,59.75441539660096,386.7986869998276,True,0,13.215616785665256,1.5443706651374454,1,
363,33481343.85994764,5579.549058653353,0.010608238499611617,21.456249738112092,8582.63429813087,42.84553373232484,305.3026273846626,True,0,38.64108180712706,5.06305481756371,1,
364,32054880.893044103,11181.9662592691,0.011300381977111102,21.021599294617772,8358.06408058852,24.73327334970236,415.17585879191756,True,0,46.02041620836842,7.065260817134356,1,
365,43519558.28507263,6098.408759312908,0.009172874554991722,27.539511704817414,5267.065377905965,71.75931390374899,332.5711539015174,True,0,10.75061500296608,1.1168216688689288,1,
366,55199802.94175011,14859.205184024557,0.010261770706623792,22.866415539756417,5195.274405181408,54.02540296316147,478.0434506945312,True,0,19.15485716827839,2.3071633417037125,1,
368,41570084.31613837,14181.994168632085,0.011743198268115521,22.25743105635047,6174.099232070148,69.22920055687428,328.29556353390217,True,0,26.91716741078308,2.9766821988174663,1,
367,40645403.11950566,9637.671758917637,0.008139270015060901,25.713578360155225,7179.863379336894,41.04599326848984,251.55782792717218,True,0,18.911009466192688,1.997937465478569,1,
369,56437970.202910125,9196.536266040552,0.00987070330604911,28.864685464650393,8700.771542266011,26.3102013617754,401.3057508505881,True,0,36.61961616188619,4.617324588342401,1,
370,42564904.25291766,11702.02813425389,0.010693917214870454,24.162023458629847,6758.859805762768,40.41101459413767,265.20816683769226,True,0,29.64378141851303,3.057892395191487,1,
371,31341945.662845995,6381.195784060517,0.008816419336944818,26.93998945876956,4366.002605296671,57.486507929861546,482.53888161852956,True,0,9.81,0.9743706584313674,1,
372,32792122.809141323,12822.949577420735,0.009024666454643011,25.57760277763009,4766.506660729647,75.0138889439404,236.76687236875296,True,0,9.99741533871165,0.8701888022976755,1,
373,48544565.89903775,5878.955556604771,0.011402173928916454,23.35643185302615,7608.658318407834,28.055554497987032,455.33440625295043,True,0,44.78209269094973,5.923510253265001,1,
374,54070650.09916768,18381.122216599844,0.008037936720997096,28.65464260801673,7851.201101206243,46.166662480682135,281.4532959833741,True,0,19.000373864748283,1.934992136109756,1,
375,36511724.29396082,7086.156378284249,0.010410437345504762,20.26043312624097,5773.977009579539,59.202877786010504,353.79371671006083,True,0,23.12278522018054,2.8271633841341757,1,
376,38266560.25591845,10872.003555214518,0.008331589836627245,22.637611059471965,8403.162240050733,50.86685670539737,211.4911905489862,True,0,26.238949952367626,2.5423899940321495,1,
377,51697460.24590188,7051.509281993523,0.010204212591052055,25.96192336641252,6471.659583970904,37.6566912047565,443.1055461987853,True,0,25.58932759688453,3.2030431975508633,1,
378,46352088.34575855,15670.394862697598,0.00935555462166667,20.654855659231544,4066.0395063459873,21.56736085191369,297.3397078923881,True,0,13.10109759409823,1.6881061726665083,1,
379,34320954.821924284,8546.40553094424,0.011232939966022969,27.964858962222934,7058.795412071049,68.34808299317956,375.40276292711496,True,0,23.428194073352543,2.937434083727773,1,
380,30103870.66789177,17012.45076390362,0.010925562247633934,29.551843097433448,7303.2021299004555,63.828506879508495,345.2164866961539,True,0,21.707938311029864,2.77154307387126,1,
381,44347681.942264795,7798.124560999095,0.008548186380416154,21.860830737277865,5071.935505606234,47.16500084847212,421.88021428883076,True,0,13.666144467396235,1.7258809563014854,1,
382,58721030.149520054,14112.48369869458,0.011887071080505848,26.55281367711723,5465.991805307567,34.5580492913723,238.91621502116323,True,0,25.478040470925535,2.322326367251611,1,
383,39874813.38894828,5439.8293969668985,0.009514454107731581,24.878742462024093,8159.137504175305,77.88537368178368,471.326220035553,True,0,24.82492698853644,3.4128836775102065,1,
384,39782439.28022531,15300.589241667256,0.0109717740342021,26.97281187400222,5662.040739320219,41.21753891929984,294.48616495355964,True,0,20.034218996592124,2.2334778621864935,1,
386,44477668.00041455,11085.888992827653,0.011965341329574586,28.81949746981263,7574.830386787653,72.40671114996076,212.29881597682834,True,0,29.089393009148623,2.479061245494958,1,
385,58894352.47517453,9920.659962467553,0.008595252659171819,24.12671299651265,7962.791813537478,54.30682620033622,375.9171335026622,True,0,26.98288075506239,2.9439181346467698,1,
387,30034747.500902373,6043.940964865924,0.009591869864612818,22.30020759627223,4799.993802793324,25.50516800954938,439.9587484076619,True,0,15.983634833970731,2.61103253079554,1,
388,34219317.11142705,12145.73400418372,0.008253244008868933,20.215173605829477,4575.421042740345,43.017765022814274,240.4554040171206,True,0,11.648003195409013,1.2071462706771505,1,
389,46456891.62239913,5569.186144744378,0.010126721255481244,28.69750974699855,6549.705863930285,60.03652427345514,467.44785867631435,True,0,19.380288620531545,2.4370573213003057,1,
390,51815479.714986406,19827.56871233123,0.009309359285980463,23.389335330575705,8988.298336975276,74.17784310877323,341.0460148938,True,0,31.142813119709395,3.4418297971427934,1,
393,53947462.64419215,6535.149127074942,0.011448293074965477,20.77808759175241,5343.107344582677,65.90230718255043,484.36939427629113,True,0,25.28285845831079,3.002786558065299,1,
391,38152405.89631334,7645.406209891228,0.011185890138149262,25.54223032668233,5886.841701343656,31.205714717507362,423.71151372790337,True,0,25.46806008753527,3.532034791592417,1,
392,36620894.125207976,10081.435718787976,0.009071884233504534,27.84401941113174,8281.752700917423,22.63537898659706,261.02932654321194,True,0,28.30549333387166,3.50257151720993,1,
394,48434960.99795412,16545.53656164921,0.00811526034399867,26.075573405250907,5116.447113454342,53.31388723105192,329.8328213393688,True,0,9.814755106688098,0.9668370788270825,1,
395,32889496.98691077,9019.484135279814,0.010488859601318836,22.526429994031787,7258.426026441157,36.58626567572355,397.4201654084027,True,0,31.853935350337593,4.531607136563918,1,
396,31414095.47856147,17953.422579280537,0.011665858671069146,24.992330512031913,6877.755779772997,32.08148876205087,282.25670140236616,True,0,31.794096858192084,3.9147654521508852,1,
397,42440595.8663108,8233.960338509258,0.009792265076190233,26.441713673993945,4247.419928200543,78.92626920714974,350.64198365435004,True,0,9.81,0.8677185409628542,1,
398,56271918.91919025,13079.641863684737,0.010646774537861347,21.74008178524673,6212.516381405294,62.78909606859088,233.9072497561574,True,0,27.45471659963045,2.2867208941657977,1,
399,41666688.329756886,5044.048383713805,0.008770375292748213,29.675003504380584,8662.651000544429,49.639383982867,455.84570122882724,True,0,23.476625924557126,3.1569937081179007,1,
400,40739107.600294344,13557.739436793605,0.011346959974616766,23.598761148750782,4686.4202208817005,77.5890732370317,383.793078456074,True,0,15.378528672262869,1.7466881181233267,1,
401,55038699.79275291,5227.731246801047,0.009220551185309888,25.27420148253441,7688.4038196876645,34.37162643298507,305.9599082916975,True,0,30.36040598929582,3.2235465923889306,1,
402,43391655.155325085,17346.750296774888,0.01034065130725503,20.60160107910633,7773.630573414266,46.407068092375994,432.0693572051823,True,0,36.78640713659905,4.9820028534281935,1,
403,32129439.140822098,7954.082268776453,0.008217051982879638,28.291541151702404,5851.201830431819,63.195071537047625,200.82936361432076,True,0,10.266365983811864,0.9168912717405673,1,
404,33581566.55347956,15875.988849165213,0.009877943627536297,29.185177758336067,6095.611090771854,68.05063892155886,480.0208075903356,True,0,14.215954272071803,1.9940882543763805,1,
405,49470085.882863976,8655.545757678537,0.011501537170261145,21.87594275921583,8779.52909655869,21.379794366657734,247.23214339464903,True,0,58.68456871283611,6.075680711462468,1,
406,52818778.53599112,10490.637348624927,0.00893417900800705,27.202994413673878,6682.7337965369225,36.89807079732418,411.1440013162792,True,0,19.7557207118706,2.487135092311649,1,
407,35866291.95416213,6801.882891348594,0.01056057832017541,23.877009004354477,4442.3932591453195,50.232733711600304,334.25468374043703,True,0,13.321273641716418,1.5539242825549442,1,
408,37316371.76481019,19126.793345117872,0.00869707404077053,21.501351902261376,7379.246778786182,58.451334834098816,491.07782673090696,True,0,23.254775689475608,3.3728932537837886,1,
409,50661544.54126208,7376.166109072403,0.010823595363646746,29.894192265346646,4995.626212097704,45.52499711513519,273.6797376535833,True,0,12.736427861340195,1.3227803680202388,1,
410,47514918.57623387,12571.597910468481,0.009740566439926624,24.576598973944783,5544.552366249263,27.751040123403072,390.70686865597963,True,0,19.986640089869887,2.6479485022200406,1,
411,34985881.14967669,5765.646562097549,0.011864037971943617,26.79884218610823,8080.307530239224,74.8338719829917,317.1964298002422,True,0,30.273206424389606,3.6082311363326323,1,
412,30676402.653002247,11554.420960788477,0.01004055442288518,25.680608125403523,8480.814128182828,56.736110392957926,362.046704813838,True,0,27.617285657817035,3.8137705949798693,1,
413,45413710.28965067,6298.614754327241,0.008417077228426934,22.901873821392655,6394.353402778506,39.770494643598795,290.2108238078654,True,0,20.051167049672593,2.162814734084425,1,
414,57680306.89278783,14702.554563842734,0.011021598141640426,27.584551880136132,4146.053526550531,26.00637285038829,444.4538541138172,True,0,10.645353551967462,1.716511543331011,1,
416,39714479.34172382,11346.8908461417,0.008047381546348334,23.977488819509745,5982.491007074714,75.55558625608683,426.6943274065852,True,0,12.676859673306202,1.5695624033914501,1,
415,38950207.890018545,9530.837138159255,0.009395067222416401,20.978970574215055,6979.12233043462,69.04986945912242,225.94940857961774,True,0,23.815623068303985,2.311976198891711,1,
417,58481208.01856504,6187.3821157577695,0.010423910550773144,27.45956925675273,8892.372614704072,28.89024917036295,209.15240934118629,True,0,43.115613090176545,3.6742655460691616,1,
418,46121008.82034309,14997.0932777644,0.009014762911945582,22.132062073796988,6647.729185409844,44.39392812550068,382.4292542412877,True,0,24.136486830023777,2.9136564128048477,1,
419,31310939.124149423,9725.369204229042,0.01138824200630188,29.284892100840807,4477.140378206968,57.723083570599556,309.06321657821536,True,0,10.785291077508097,1.219052512289608,1,
420,35603557.075080626,19384.49241049358,0.010703911177814007,28.23516046628356,4897.1011871472,70.09330620989203,410.165860876441,True,0,11.7174184071862,1.442129636543019,1,
422,51342694.38483269,12399.977097125033,0.011733722150325775,25.062181297689676,8062.407920137048,38.90203760936856,473.6741565167904,True,0,43.768289555708584,5.593967733390662,1,
421,48071089.00931001,7473.254135241343,0.008830441560596227,20.38881542161107,7478.075712919235,26.881309654563665,338.18084010854363,True,0,34.637181690236716,4.241379663162073,1,
423,38012804.43198607,5684.832402860172,0.009857198927551509,23.542835991829634,5562.7582697197795,55.68459080532193,255.3182785399258,True,0,17.699541903975494,1.7764074522455515,1,
424,36261165.35191491,16159.813929262125,0.011900392398238181,21.234938642010093,8602.173948660493,64.2238594032824,394.27031883969903,True,0,39.62221507803676,5.704392551111786,1,
425,53712097.34708409,8813.548097744395,0.00952399118617177,27.684420151636004,6272.6597962901,47.267356012016535,316.5809955447912,True,0,18.350836842641833,1.9253355679408626,1,
426,50358720.39936356,10282.185620011258,0.010911723084747792,23.00220209173858,4189.297893084586,33.51781917735934,498.94073056057096,True,0,15.50860570007911,2.208232600673033,1,
427,34008239.506173246,6668.772790512463,0.008538131456822157,25.937336599454284,6935.525104403496,76.55220342800021,267.55631789565086,True,0,15.560294642729415,1.6566880015164889,1,
428,32595210.650877595,13382.840991453864,0.009369425434619189,26.586670456454158,7199.388575740159,50.93979999423027,452.9954104684293,True,0,20.623933896842345,2.9752788763935176,1,
429,44271623.705634885,5158.382370085992,0.011243026658892631,24.520827447995543,5175.741907209158,38.02263185381889,220.35586815327406,True,0,21.691641777498155,2.0073257903763104,1,
430,56211041.635154344,17590.885832039345,0.008318177741020918,29.837660333141685,5286.597764119506,20.263372473418713,365.5174399726093,True,0,9.81,1.325540583759231,1,
431,41400304.6567277,8063.553301809323,0.010194584615528584,21.28872017376125,8338.53869792074,67.33703475445509,288.4795727208257,True,0,33.32610226993775,3.77245784408269,1,
432,42270685.49721158,16993.68930484726,0.009672687701880931,25.447242632508278,4385.5397226288915,35.520098991692066,215.25620929896832,True,0,10.287225963854977,1.027664328192456,1,
433,57413140.06692882,7790.749723715859,0.01179908886179328,23.13825260847807,6739.329691976309,52.5479706004262,438.7408391572535,True,0,36.246323635138324,4.146729810918767,1,
434,43344567.21939828,13869.60986462678,0.008639952659606934,28.445661552250385,8720.301544293761,66.67470447719097,302.95398011803627,True,0,22.271875022014513,2.3980656405357843,1,
435,31923967.06549474,5347.165398497781,0.010763544354587793,20.11973038315773,6154.561928473413,23.69346372783184,370.397334266454,True,0,33.138233595351295,4.823006882579135,1,
436,33251584.709550917,10701.410064038408,0.01107873472198844,22.360859401524067,5793.499970808625,48.720701690763235,348.98166190832853,True,0,24.034081168786912,3.016976424914951,1,
437,49254155.048129074,6939.753838975379,0.009455133549869061,29.036554247140884,7831.666368059814,61.81915855035186,417.5153507851064,True,0,22.895484021608283,2.7048893705637114,1,
438,54916476.937761456,15508.427690639264,0.010108417961746455,24.3442253023386,7628.193237818778,79.90434588864446,244.5309029892087,True,0,27.420897454120443,2.3681540546543434,1,
439,37086215.64423441,8456.538426354406,0.008482011020183564,27.034229151904583,4746.98381125927,32.993633169680834,466.3203756324947,True,0,9.81,1.2778275471645208,1,
440,38826023.727682434,12836.86823845775,0.010275702316313983,29.423309238627553,7078.318261541426,24.57183862105012,323.85302325710654,True,0,25.602109882348792,3.438720756700938,1,
441,52421939.154972754,5884.41153318862,0.008149173364043236,21.644487315788865,4046.5045869350433,71.42212653532624,405.1394475623965,True,0,9.81,0.8210029192268865,1,
442,47081530.857989065,18702.652848639776,0.011286909084767104,26.346879610791802,6491.194317117333,55.299550872296095,260.2714161388576,True,0,25.865994840146158,2.445085776072313,1,
443,34857933.836619966,7208.823148175879,0.00916342992335558,24.741096245124936,8383.639278821647,42.14433131739497,488.0753206089139,True,0,28.506163889232063,4.225405014396698,1,
444,30624098.417603526,14408.415801882706,0.00899424521625042,22.744095930829644,8178.67480777204,30.12489825487137,232.32420245185494,True,0,29.775788084948466,3.451918833044064,1,
445,45095223.96115421,9344.85698237618,0.010617714781314135,26.13683913834393,5446.461803279817,73.397276699543,459.16823260486126,True,0,16.154695770695156,1.970319080751457,1,
446,59811648.07777542,11824.522929206847,0.009942877300083638,20.83889332599938,5091.465619392693,60.82357045263052,276.516102720052,True,0,19.448507584319692,1.7178193191962439,1,
447,40605304.14001457,6449.161523468918,0.01156940058991313,28.060924941673875,7283.665012568235,44.09049864858389,359.33059826493263,True,0,30.864604355097946,3.7205856224877847,1,
448,40351830.20612039,12233.612407227556,0.009770059920847417,21.59844378940761,8875.857341103256,31.674883980304003,413.98530807346106,True,0,41.41695719857261,5.942429878949481,1,
449,59418162.16296146,5608.82806031253,0.011646590303629637,29.523673793300986,5999.0157429128885,78.40978683903813,331.4180082641542,True,0,20.094484700951753,1.8937324151403343,1,
450,44813718.51701757,19227.553760794974,0.008792054608464241,24.83123770914972,4541.105642914772,62.37538790330291,476.89057383686304,True,0,9.822566073980598,1.1155703836367563,1,
451,30422632.626016334,7412.39790469809,0.010665531385689974,26.270776567980647,6583.75430945307,49.10117840394378,250.36697266623378,True,0,22.497662518637526,2.4879930828252985,1,
452,34710793.11950469,14794.944621461318,0.011489014755934477,26.2464355584234,7472.46577963233,22.1997057646513,430.5504325777292,True,0,36.82155956994944,5.546843204436724,1,
453,46866939.11617483,9593.924800945564,0.009115543760359288,22.6876004319638,4902.701658196747,65.35675637423992,202.35284799709916,True,0,12.816946135662795,1.0432853173667698,1,
454,52200671.001334995,11255.264027986776,0.010448587466031313,27.995426459237933,5637.800536118448,52.92924840003252,385.6089398264885,True,0,16.99134608519912,1.9292174044884567,1,
455,38649049.97640425,6137.645297979906,0.008072066560387612,20.9196503367275,7987.3752649873495,36.0771294310689,304.14857091382146,True,0,28.09578864692589,3.4566850442133634,1,
456,36942169.90074758,17832.0452560396,0.010185600880533456,23.228165190666914,6334.417379461229,42.59674068540335,446.30009764805436,True,0,24.518619605676705,3.384032101590805,1,
457,54721708.24598458,8173.710974242949,0.008309202104806901,25.37136847153306,8540.406903252006,59.50562234967947,224.09864105284214,True,0,25.610506788765463,2.1827361590226326,1,
458,49062860.244571306,13491.265210333533,0.011126544531434775,20.073610562831163,6921.53237387538,73.77855449914932,360.48946203663945,True,0,32.10915351970093,3.647975285431252,1,
459,33133645.266440727,5200.421262048084,0.00925295140594244,28.54610240086913,4203.300234861672,30.6819286942482,291.7635068297386,True,0,9.81,0.8190194375554766,1,
460,31692489.91132145,10421.605727396782,0.008592059940099716,28.970826882869005,5248.414218425751,40.82558212801814,387.53827875480056,True,0,9.81,1.2337485344843606,1,
461,43044843.207558274,6759.446798014148,0.010965658728033303,22.441845294088125,7126.725726760924,53.80499182268977,320.3604241833091,True,0,32.56582892650951,3.64783589248918,1,
462,56996839.02898137,16292.457351750083,0.009595574341714382,27.14374927803874,8335.594209842384,71.97835588827729,493.9494061283767,True,0,27.154616335868603,3.2835788518211473,1,
463,41978390.75519938,8885.563641564317,0.011971982713788748,24.28780609741807,5289.532640948892,24.95231533423066,270.8035269752145,True,0,27.612922788080304,3.1093223446793528,1,
464,41100112.336873345,15718.661687783997,0.008395367931574584,27.74572246707976,6804.67301607132,57.23771499469876,344.0635461360216,True,0,14.955996616700906,1.7465887889099696,1,
465,55822351.51071587,8571.494174383333,0.010021766759455205,21.14983287639916,4320.186787284911,40.162221658974886,420.68942273035645,True,0,15.660266132263553,1.8709723322264329,1,
466,43950615.17239106,10789.213171865384,0.009417242515832185,25.822170721367,6139.424714259803,26.559455301612616,237.72572576999664,True,0,20.856347741368772,2.2586652765295203,1,
468,33876157.34618377,14059.709996084597,0.010863836444914341,24.425269113853574,7905.635750852525,58.9824665337801,210.30150707811117,True,0,29.95663151435558,2.948817338692854,1,
467,32369817.44585296,6996.433705901455,0.011040835574269294,23.053280720487237,8735.448220744729,69.47845449671149,470.17301293089986,True,0,32.98140072838614,5.14640034593454,1,
469,50180103.83717396,5420.196561409063,0.008740237604826688,26.6572040412575,5719.540199264884,45.94625122845173,441.95142602548003,True,0,13.290723784711721,1.7281088334273678,1,
475,32127371.023122735,6888.776218743377,0.01130843097344041,20.528061231598258,7759.567462839186,44.90706097334623,309.6709160134196,True,0,37.6207945767068,4.967005299609077,1,
473,48277298.470042564,7234.0537351305375,0.010137920796871185,24.63534272275865,5049.292283132672,73.21126472204924,266.5814938955009,True,0,14.290864870421972,1.301727167956485,1,
470,49273953.91970224,18605.54715590374,0.009724735088646411,20.9907590970397,7318.87093372643,66.84058194980025,456.6618261858821,True,0,28.687440565596383,3.6486219633933716,1,
472,36134392.8949869,13035.59387036354,0.009822122503072024,28.24737412855029,7036.617124453187,23.352393079549074,389.6009220741689,True,0,24.500391337101185,3.7000816623936914,1,
474,57815775.25844476,15415.696739053847,0.008749222561717033,26.564846392720938,6162.90591750294,51.64104716852307,430.3466299548745,True,0,15.657340649730676,1.8628892765489729,1,
471,38513182.76246397,5176.30940451422,0.010283941563218832,27.376534240320325,4140.218148007989,29.989522695541382,277.48406026512384,True,0,9.81,1.1002322874990647,1,
476,34053864.15627784,18116.233119641263,0.010570774324238301,22.13613798841834,8467.389062047005,31.847127620130777,479.17396323755383,True,0,39.71180322335934,6.003268679944957,1,
477,51254045.21758682,5739.706379494461,0.009387300368398428,25.74779032729566,5454.635448753834,72.45002496987581,339.6018364466727,True,0,13.52184431285425,1.378808606338912,1,
478,45300318.252572306,11062.004199844388,0.011998624216765166,23.027645330876112,4341.709251515567,64.0057229436934,363.47403563559055,True,0,16.75424316975215,1.8081325046180035,1,
479,40981870.70597654,8704.773815040839,0.00805709170550108,29.06405142508447,7744.9732748791575,40.27771104127169,221.55819460749626,True,0,17.867348753768965,1.8085164830640224,1,
480,41140033.19192603,17337.937874610776,0.009233878426253795,27.309815315529704,5578.600178472698,45.47621292993426,372.82488038763404,True,0,13.16208426936622,1.659480445715146,1,
481,46219704.30458644,5493.1216927330615,0.010792589973658324,21.197857949882746,8962.445455603302,50.46096958220005,212.15900359675288,True,0,44.922304966497336,4.080811393443956,1,
482,50776964.926990576,11544.951584809442,0.008337477143853904,27.502292497083545,7224.4230806827545,73.90540046617389,488.57026640325785,True,0,16.304572127758796,2.0330144920094986,1,
484,32613589.044943873,13602.474459182695,0.010483271483331918,23.698579324409366,4919.226766563952,38.85561650618911,458.4471528418362,True,0,16.74738635911217,2.467301696482245,1,
483,33554867.51812448,9084.80877016613,0.011653758950531484,23.965581078082323,4231.317393481731,22.045529261231422,330.24817537516356,True,0,17.264624698503773,2.452606564114792,1,
485,58373496.64704896,7548.641944423113,0.00954125927388668,29.810305405408144,6535.4557717218995,64.34636175632477,281.5214746631682,True,0,16.643616061639406,1.539701355918937,1,
487,35980439.85902273,6591.745424076569,0.008903143275529147,25.00157142058015,6267.195703461766,32.30084836483002,238.47808316349983,True,0,18.87852638417013,2.089174860932226,1,
486,47296719.2638448,14751.001591096685,0.011086124181747436,21.465091286227107,8274.011412635446,70.91670816764235,417.7475471049547,True,0,37.33750447441849,4.801807084080559,1,
488,38469343.63867488,10308.362915868422,0.011491983409970999,29.37460602261126,8536.191271618009,23.904962111264467,428.52465147152543,True,0,39.972684878871476,5.765583015483571,1,
489,48424490.226497315,9237.525407552866,0.008549969084560871,22.908740118145943,5376.953357830644,79.5130093023181,305.59692131355405,True,0,12.731685060460146,1.2360094329707263,1,
490,57018838.95195347,19414.648887012332,0.010063614718616009,25.813592756167054,4576.547258533537,56.06857853010297,394.8468543589115,True,0,11.518286261810685,1.2962860921321497,1,
491,30506126.061239973,5401.412239913219,0.009880635511130095,21.927512288093567,7501.2958804145455,47.3356456682086,274.26283843815327,True,0,28.296203020644434,3.4614964070943763,1,
492,34320094.306360886,16177.495821507307,0.008240635216236115,20.408317083492875,6959.269918501377,30.4084568656981,365.16784308478236,True,0,24.59227291258783,3.467662642644859,1,
493,54234324.73658145,6348.144597913777,0.011799348641186952,26.873799115419388,5118.429526686668,65.27614045888186,225.68712821230292,True,0,18.287536104364804,1.4890189012686492,1,
494,43276931.111102484,12405.081864872127,0.00931301635876298,24.428319493308663,5919.522765092552,58.70579415932298,473.8731099292636,True,0,17.074182992517308,2.2220920037045535,1,
496,39528614.3332519,12427.70756428262,0.008639105658978224,21.676640333607793,4004.4649839401245,66.87881829217076,200.83141634240746,True,0,9.810092716308455,0.6799595736199164,1,
495,40226144.84035783,7839.590348876108,0.010629296228289604,28.314016088843346,7994.700158946216,36.96322489529848,332.048680819571,True,0,31.738125341544382,3.85513531415153,1,
497,44169704.14165347,8268.494550267174,0.01132281806319952,25.601780749857426,7417.530916631222,28.731822930276394,380.1009518094361,True,0,38.020219264961554,4.872028823300871,1,
498,53137698.47469833,16037.84377085627,0.009805297829210758,23.193756686523557,8804.585496895015,35.302040595561266,319.4610297679901,True,0,41.75579012455837,4.677408727925693,1,
499,34925069.14664159,6075.676264730679,0.010246576692909003,29.542432837188244,5782.106566242874,60.324150286614895,496.38677947223186,True,0,14.190942769016866,2.0347313601984403,1,
501,36530134.936506934,6904.85216821438,0.01125410359725356,21.76623435690999,4282.307709567249,66.34236671030521,386.31781274452806,True,0,14.912007871885718,1.776334906174807,1,
500,51189057.809859835,16061.320938707093,0.008617865104228259,26.27336159348488,7474.072101525962,39.55778082832694,244.93419770151377,True,0,23.081972002564896,2.2265745389775278,1,
502,33928457.81711435,12412.131230213794,0.009441245339810849,28.68359030224383,5741.920416243374,64.92601567879319,280.43241845443845,True,0,12.241658805425663,1.3110560098064457,1,
503,46341434.39079238,7505.69419697805,0.010686858341097831,23.276813505217433,8502.309528179467,29.70392968505621,495.34461330622435,True,0,45.234450624847035,6.264210126733686,1,
504,48446623.290825665,17897.327872591693,0.00902556112036109,22.31851047836244,5897.6677395403385,25.96594050526619,269.2800685763359,True,0,22.616760864037246,2.48158411419611,1,
505,35379465.557571046,5209.909844461737,0.010850275684148075,27.146718995645642,8345.857109874487,53.68781192228198,354.3753526173532,True,0,31.16099572511567,3.96887925658992,1,
507,53378301.77484408,9524.458503664971,0.011216594152152539,27.817593552172184,5063.455389812589,43.29232247546315,463.97149227559566,True,0,16.856271801732277,2.172117709644528,1,
506,38189677.90560941,11630.398753946789,0.008907504096627236,22.717176880687475,6692.409986630082,77.57669378072023,305.3442041389644,True,0,18.491150683586056,2.049678178260598,1,
508,59051346.2430478,13658.510019118923,0.010459978114813567,29.981362633407116,4345.717626623809,34.71948441118002,325.21717604249716,True,0,9.81,1.0432207323235592,1,
509,41513187.68592333,7942.755875400914,0.009667505655437707,24.45982960984111,7400.30528139323,59.38042605295777,446.6780644841492,True,0,25.263736027055508,3.303626696328013,1,
510,31517010.817325883,14852.0963691641,0.011605838537216187,25.051273675635457,8868.434448726475,69.23421986401081,209.52435741201043,True,0,33.17194750666082,3.411802307816907,1,
511,46244602.08949029,6140.19629070564,0.00826649061590433,20.507534286007285,5384.931695647538,36.135778333991766,406.8592833355069,True,0,17.088442464105704,2.1809764269535314,1,
