k,c,h0,i0,kh (feedback current gain (air gap)),kv (feedback current gain (velocity)),V_kmh,,a_z_max (Maximum vertical acceleration)
33818320.56,13540.16481,0.010343653,25.90100196,5753.513159,73.28893187,241.8484153,,0.061224061
50914610.69,6683.934316,0.009664203,27.32817571,7008.023625,74.94624412,314.5488785,,0.113659176
39205125.8,6640.520303,0.010988059,23.80343895,6364.130462,35.85103727,416.9114863,,0.306312015
44039709.77,14215.42443,0.010094674,26.29325136,5667.295385,73.79816823,205.6742855,,0.044050851
31749542.91,8825.749312,0.010078524,20.4254304,8113.870465,48.70654722,493.5900705,,0.532520594
55672982.89,12611.801,0.009639297,28.51441654,5973.230799,67.00691277,226.5608109,,0.054019612
38738750.03,8354.562407,0.010980416,21.55176366,8395.273157,49.73200212,221.9678685,,0.05555161
46623618.32,5270.787943,0.009159332,24.93272707,4932.132024,38.6898675,318.807731,,0.140132783
34191351.51,18273.99457,0.00853314,28.03951378,8060.616629,36.49558061,319.8393563,,0.142227669
54521077.03,13043.55115,0.00886958,21.86635124,8334.297341,33.93917277,469.9374311,,0.404087032
41497494.8,11642.89588,0.008319465,26.18805181,7917.745188,75.17803294,214.5694192,,0.046526927
45532008.48,8007.292834,0.010926313,28.63324651,8788.641589,34.17405855,242.7600317,,0.064083533
31216580.65,17038.38349,0.011226769,21.26163881,8721.901188,49.26229752,491.0251257,,0.525093723
57527165.83,11268.45671,0.009893009,25.29974648,8905.765208,67.41754175,213.8685628,,0.049171398
36645381.66,9726.53077,0.008156373,28.61938403,7073.856641,43.20178877,467.2617373,,0.479158769
50406258.39,5038.49939,0.00813894,29.30478072,7235.203275,29.90375609,389.109784,,0.271474816
33393198.1,9645.79177,0.008489831,26.94677975,6179.521426,57.39904351,283.1015193,,0.096885373
51608693.9,8686.756411,0.011320774,28.70564688,4782.729599,52.4772032,365.5912914,,0.1760861
40328717.74,19715.44231,0.010704741,21.076073,6503.024793,42.24014973,341.5989622,,0.162127256
42618617.55,12094.76741,0.010884994,29.74681305,6854.801856,28.43471422,491.5735397,,0.670871519
32333648.12,7468.237334,0.009590645,28.72931789,5257.280469,69.70817228,290.3848265,,0.092916448
57450834.93,8615.190869,0.011535962,29.97050318,5627.754654,62.27180954,335.8936723,,0.141310749
37790680.04,14890.87652,0.009235295,21.60988626,5886.284806,47.40231432,452.59502,,0.375199786
47332121.31,5670.244212,0.011314566,26.74247105,5643.578204,25.93320469,230.3022126,,0.053591234
35294264.7,7401.404887,0.009297334,29.94561578,5154.425086,75.04450422,410.4764656,,0.161458137
53233574.2,8018.656862,0.010388273,25.68613996,6434.029322,79.96632687,340.915625,,0.134518501
41803702.41,17854.22858,0.009779282,23.48214873,6219.64959,45.77118709,425.3705875,,0.314390737
44940274.72,18778.82039,0.010906324,22.11664534,5057.237668,48.34974956,214.0110236,,0.047461711
30339875.2,13571.11499,0.011978944,26.55924709,8534.071677,59.86765161,262.1234499,,0.072489861
59185625.55,15094.72567,0.009140835,20.00160401,8429.532365,26.69499985,432.6256549,,0.332621882
35963462.58,12496.91338,0.009336301,25.28599916,6470.930281,74.58166428,369.6881014,,0.175648393
48703793.04,11065.572,0.011379089,28.39065036,6551.335434,70.02156447,355.4528665,,0.163135648
33519236.11,9771.499661,0.008080833,29.38235563,5578.809446,28.09189682,257.7553554,,0.090202623
51016859.17,6142.310781,0.008259134,20.71176802,5305.548428,42.41060661,407.8026115,,0.266038351
39752011.48,5195.926975,0.01009391,22.14384893,5983.628978,46.65976561,478.5056978,,0.450944795
43654707.16,15469.54184,0.011939013,20.34091563,6764.225913,38.86018694,448.7083098,,0.35520911
31333132.47,8429.612679,0.009412196,20.23673173,8535.580348,69.08678563,427.0241545,,0.285544376
55129076.71,12039.11459,0.010868033,28.32328602,5867.530141,43.32487961,253.4294624,,0.067666065
38191038.85,7655.205468,0.011072803,25.5506762,5129.410436,67.61743179,427.7205023,,0.245477275
47272736.12,6873.221955,0.009797653,21.63952159,5000.773657,49.44363203,258.3764394,,0.071534205
34822651.99,19912.27232,0.009375555,23.92311802,4453.911284,77.08516841,414.0867586,,0.154828562
53902038.8,9858.378765,0.01061653,22.84784975,8159.612708,78.74246679,486.6953824,,0.389885615
40653593.09,5490.658472,0.009418405,24.54244103,6891.622717,35.62872556,299.8120845,,0.117219849
46260867.89,5397.229288,0.0102672,21.06482435,8131.554117,40.55062352,385.7810558,,0.242802603
30957909.74,7765.177138,0.008347628,22.86171789,7685.677548,58.47149032,261.856071,,0.071935355
58579243.66,5171.557625,0.011542166,20.65371531,6226.940627,54.98066725,278.6240503,,0.081262728
36963542.2,18557.86601,0.008826647,29.33556058,8805.510784,28.21355575,283.2172849,,0.09530098
49431716.41,14825.4051,0.011631263,23.18025552,7032.742109,20.86129395,286.6605617,,0.097101821
32932159.27,6002.525673,0.008828613,24.67145712,5429.73711,77.25216749,495.4435736,,0.296283279
52669391.86,5880.254574,0.010968741,29.00443378,7963.161594,44.06135253,410.8154937,,0.281445087
39982799.39,9043.251602,0.008852523,25.49262853,4176.96673,20.45823109,256.3543963,,0.094548412
43049982.02,9136.425543,0.008631941,26.19694474,7031.622727,73.00519236,474.447681,,0.352792939
32386124.73,14711.16318,0.008679206,22.08422091,4561.89225,49.49191187,223.8868499,,0.054835333
56533235.43,13896.43223,0.008650299,20.30503701,4703.203099,32.51895293,295.1311491,,0.10986959
37543385.86,6560.177516,0.011124357,21.86916076,8132.958384,46.76547421,332.4684725,,0.160130682
47905495.42,12796.62451,0.010042758,21.54173575,7489.305901,48.02397753,486.9733695,,0.458756412
34997353.65,7107.564766,0.010193384,29.47036646,4029.513649,35.42451332,360.1388435,,0.166328329
53266562.86,5904.808699,0.010403908,20.64337641,4382.00606,34.25976426,210.2409064,,0.046774565
42366293.48,6615.097112,0.010907016,26.3215992,4135.740146,75.49112942,465.4808874,,0.170111751
44646434.89,5452.279946,0.00879659,21.90438393,6600.78622,49.57230546,403.2600442,,0.249827155
30049451.71,5076.829123,0.010628559,21.71969446,4286.047893,66.13808351,453.3940719,,0.254908171
59626188.77,16495.48055,0.008798133,26.62777493,5134.039683,59.69824198,226.2819338,,0.05419341
36424082.63,18011.58885,0.010671169,22.34892618,6765.339383,47.63205062,269.9896436,,0.079036368
49254558.75,6435.901754,0.009110892,29.34537977,5136.707749,66.65407277,452.6331628,,0.201636882
34115775.17,17237.63757,0.011396449,22.1825711,4861.221804,62.90105357,469.7082529,,0.332196646
50549885.8,19555.74849,0.008289161,23.46993152,6101.76355,57.97891632,253.3323163,,0.066283384
38974867.55,9366.534385,0.010634527,23.68165379,6237.594293,40.41485532,289.8527355,,0.10035261
44292055.91,6674.344746,0.008380239,20.97696557,6556.002473,32.39983811,246.1722081,,0.062696498
31956044.11,5587.120845,0.00982812,24.32350771,8983.485023,78.07576754,313.3740559,,0.111839863
56105160.17,6973.997309,0.009687428,20.74172653,4689.994986,77.66458764,494.1116436,,0.248335754
38643917.41,10937.65319,0.011105284,27.69359997,4324.039817,32.83174346,310.7604731,,0.145310899
46348746.85,7635.932178,0.00946205,22.55268066,4705.727928,41.33330951,369.7220556,,0.202382294
34380253.21,5095.940856,0.011020832,25.29710228,5493.444626,67.1047154,252.0159518,,0.067727575
54897017.87,15763.38711,0.010926698,27.25597546,7212.771951,74.66534132,225.7096067,,0.050982914
41130329.46,5535.321231,0.009663553,26.5289179,8273.748791,52.34492997,361.3385858,,0.18552138
45322985.02,7568.223484,0.009996971,22.70194692,7923.125767,77.91402955,211.3846972,,0.046172227
31063393.49,19164.08617,0.008156599,27.20304736,7988.22555,63.06131735,450.3302906,,0.374819772
57820098.64,7008.225444,0.008818081,25.9573743,4522.796485,66.14735577,481.3780079,,0.175412873
36686868.98,8205.333041,0.008638548,21.24434377,6627.895954,31.38569046,394.9283835,,0.254551171
50015870.74,15027.80809,0.011388068,25.07822191,8171.997148,67.58106704,375.1401331,,0.189574031
33239908.43,8554.851974,0.011435528,21.64059215,5609.49325,39.90900355,325.5547391,,0.137905362
51860898.12,9811.105989,0.008250078,22.77175031,4427.550007,35.45552622,388.1222026,,0.223566772
40550759.29,11016.22371,0.010747312,24.35209316,5606.819884,33.7386953,400.2176729,,0.281873232
42680839.62,7318.099705,0.011340431,23.17172323,7638.647064,26.41015726,372.6015163,,0.235404341
32091081.86,7249.772111,0.011910809,28.45711401,4076.58799,42.40843057,294.6845334,,0.114824218
57071117.7,9892.99009,0.008606195,24.02695781,6161.240949,49.82088852,310.4330692,,0.116548068
37988237.56,15758.76864,0.010180283,26.91882037,5823.994797,64.89279777,493.2899981,,0.386331883
47669316.7,16583.29835,0.0080637,27.52564926,4705.10475,78.14156548,253.8685748,,0.051048251
35646540.47,8875.070184,0.009778836,22.41798805,4643.824059,63.28794021,483.4369637,,0.300689505
52785686.2,11725.25953,0.009139345,29.90780046,4246.584567,27.1717978,289.1501801,,0.130357224
41626830.81,18483.69947,0.010833563,27.54108351,5490.934912,59.04292221,478.4433523,,0.365440749
45176197.94,18157.72598,0.009977044,26.79779473,4230.861758,62.08973501,244.8188741,,0.05801571
30610697.79,6725.197455,0.010009932,26.19678505,8890.342312,67.68656796,407.1351341,,0.257852355
58951806,12490.81474,0.011092485,25.86136825,7034.531179,68.47609908,262.2981247,,0.068110013
35766563.86,7304.372287,0.010856343,28.00880789,8942.878147,44.01863176,456.552188,,0.410873594
48386871.65,8975.955845,0.010653285,26.92702597,4652.400496,44.31080918,275.7871701,,0.093998619
33663214.25,10275.57594,0.009822385,25.92410504,8747.485076,53.82645943,487.421196,,0.506825486
51480186.49,5318.387193,0.00983866,25.06750662,7375.259843,66.73737096,327.4122985,,0.123616827
39360734.59,14317.0598,0.008278697,20.39754738,8381.50645,41.18200879,282.2159727,,0.086653171
43429976.26,11637.57476,0.008069331,29.06826851,8733.321957,29.25117271,432.2678515,,0.352081591
31537532.83,11815.32619,0.008686339,23.81217226,5484.316536,43.37420643,206.696675,,0.045711982
55432366.67,8272.568258,0.011093769,26.97441039,8928.736278,69.05943681,473.7569766,,0.390918499
38320394.52,12210.40228,0.011720954,24.62184337,8459.283832,33.37657837,263.8323773,,0.083226846
46820099.09,6893.808926,0.010678582,24.96092219,6605.914256,34.22401704,410.4248525,,0.290212293
34634943.18,9547.285749,0.011746816,29.34492906,5785.40537,75.86827014,365.7096009,,0.169029334
54143864.05,10212.84707,0.011358929,21.85541706,6329.032947,36.98435536,257.0249083,,0.068471645
41049356.35,8697.524424,0.009076729,28.10578415,8019.750211,60.46326336,247.6448655,,0.062425852
45844336.96,5963.055271,0.01181451,25.34189406,5201.265476,68.59729735,278.9686293,,0.086571778
30668758.64,11149.19166,0.010029982,24.5920167,5121.708139,53.74526622,386.6602759,,0.22179278
58248046.01,7491.532711,0.008418332,29.38045754,4270.628699,73.02809611,295.0645134,,0.045023199
37197776.7,5351.985723,0.009084617,25.3670537,5675.811881,54.18798469,353.5880128,,0.168932978
49858127.9,14124.42414,0.011848181,29.1652448,7799.169555,75.69960775,261.4830338,,0.068263096
32818037.02,12925.04926,0.009172713,23.08093198,5786.314114,54.96105646,342.817357,,0.151923853
52371134.82,18454.41472,0.009479766,26.75165296,5434.95663,74.42084249,492.6991116,,0.273187911
39763055.46,10093.95331,0.011340094,27.76499423,6707.383977,53.61813905,343.2184829,,0.157941803
43245781.83,9429.773696,0.011702599,20.25603211,7257.487615,29.67485086,434.3387834,,0.338436143
32682134.39,7922.452415,0.010005699,24.41921288,8281.085538,74.94109609,350.1493302,,0.153707081
56438287.45,9504.683389,0.011901124,24.21821247,5645.3748,69.72476741,318.3681897,,0.115610226
37353365.75,11539.89442,0.010164617,21.91283214,4985.354912,49.18577901,362.6181381,,0.181194956
48181806.3,5161.386191,0.01124615,22.20119474,5627.176601,48.39235664,217.7800867,,0.048013742
35156514,8163.826252,0.009139081,24.15426064,5180.594016,52.50478586,393.8573557,,0.227473602
53830509.66,10729.65433,0.008796686,23.28163678,8149.99768,60.17349953,383.9826349,,0.204817321
41991574.11,6966.00874,0.008586616,26.49135854,5353.119552,44.21244872,499.3034203,,0.418940064
44409462.79,8568.442297,0.008753104,22.66194601,5704.88691,26.17309619,349.3963549,,0.181996842
30209775.15,9087.597736,0.010671135,23.47228458,8311.982443,57.64777914,211.9577112,,0.048818562
59833404.98,15664.21257,0.010696476,26.8095725,6375.841784,28.18526584,213.4839203,,0.049446037
36094371.97,9952.698627,0.008028391,24.70139184,5452.638478,73.05187322,406.230811,,0.182339256
48905248.74,17257.43979,0.010361978,25.11940747,5446.250054,28.97587311,466.8617364,,0.521826608
33919961.08,7580.568432,0.010314639,21.59941079,8022.257836,63.53404869,235.0509321,,0.057679295
50807038.07,7861.002497,0.009499877,22.81171783,6704.201153,60.48709732,451.1327945,,0.333531457
39305597.69,13668.98281,0.009885645,21.97074597,4052.480454,62.73754247,341.21542,,0.114029414
43827805.21,12343.16988,0.010803746,23.65116278,5351.001191,58.2843413,409.9341275,,0.248366046
31768347.03,5422.481087,0.0107574,29.6299987,7805.472731,34.21855449,290.769469,,0.114101739
55797988.65,15560.18239,0.010136075,23.46316199,7139.826679,48.25901364,407.247557,,0.257278348
38864048.02,9804.5442,0.008593221,25.57129969,6871.623592,63.15871791,224.1870664,,0.052136098
46762310.88,14213.97359,0.008556122,24.69006649,5062.343074,33.69056714,224.7104785,,0.055493671
34325110.72,15236.20269,0.010895906,23.93897256,7709.113824,50.14465622,312.9303699,,0.124540271
54623104.26,11115.35045,0.010702103,25.26838509,7435.499741,79.420333,462.8201798,,0.331406482
41366007.92,17507.00284,0.011815267,21.21982401,4260.275222,41.43005563,399.3519955,,0.254206512
45752149.09,6515.327163,0.010222107,21.30400252,8479.669314,48.74812225,372.91701,,0.219793083
31301800.41,9155.852502,0.008141684,24.50699451,6703.102062,52.14187329,267.7426496,,0.07733339
57727096.79,18350.10262,0.009192911,24.83632696,8596.757207,52.93139773,420.4909632,,0.277461357
36475257.75,5848.917654,0.008992047,21.28003109,6755.728486,28.48126562,298.3066436,,0.120914247
50284725.45,19388.51988,0.008144105,23.1962442,4968.272883,46.39920931,386.3406167,,0.206049521
33291326.53,16419.6153,0.009587112,21.50372122,5492.526932,62.0842113,454.1238401,,0.327557567
51757895.38,6449.257513,0.009447283,28.99346203,5879.609476,25.07506495,318.4539969,,0.147087643
40260049.61,8391.78044,0.011372079,25.47432246,7200.230754,46.94829165,470.5897756,,0.446227568
42459740.24,5050.518289,0.011037713,24.30360148,7473.49181,23.72288438,320.6884051,,0.167359211
32258578.63,13054.78875,0.009563492,23.77340159,8148.579033,53.50638203,335.3415294,,0.152289726
57184081.36,5066.133727,0.011362458,20.13145544,5311.114873,76.84812976,429.7112939,,0.23595818
37698804.41,7239.293847,0.010134594,24.76985948,4531.547016,50.25259326,225.8810006,,0.056097984
47467537.09,11569.43443,0.008307854,29.98874302,4927.909346,75.46802531,453.4290848,,0.122112786
35464881.86,6430.957712,0.009601087,20.11606663,4848.160677,60.3216604,205.1639907,,0.043908672
53074668.44,13670.61526,0.009333734,24.45198144,6416.917095,25.5860891,234.2811023,,0.054625531
41908047.92,8246.256269,0.011113917,25.66485944,7775.612794,76.95919837,206.160208,,0.042968838
44837967.41,12483.42786,0.01197614,23.1739027,8630.815326,39.96478806,416.280447,,0.285182052
30409105.66,17259.13501,0.01091987,27.52036454,4998.273716,51.81798233,357.5850975,,0.18118507
59200932.13,9754.133218,0.011993582,27.81908407,5604.010492,50.55947903,204.1775682,,0.044574327
36020836.82,7371.099797,0.010375452,24.03236169,6375.693639,20.21971387,487.9299289,,0.534581952
48738069.98,10308.31533,0.009842518,27.0371157,8023.772593,61.72320397,230.0234008,,0.05307122
33607109.78,10405.52283,0.009412644,22.40551906,6336.714055,77.8382106,455.5966516,,0.315111262
51142473.38,16198.96653,0.009247132,28.73479808,5985.938461,52.78173792,305.4688395,,0.117194938
39568061.47,5458.105847,0.008682354,23.28299281,4804.093813,25.35370573,331.918252,,0.173466605
43816672.41,8162.68546,0.009579296,21.63370532,5355.176868,30.10954036,425.7913861,,0.349740213
31490755.63,13219.70187,0.010882671,20.59301693,6951.015024,71.74578147,337.4162633,,0.132707804
55250841.84,11541.51626,0.010616979,24.51112133,5472.465201,71.80701716,480.0979008,,0.298586139
38081978.97,9502.95318,0.011317963,21.58073445,4882.461825,47.57293707,200.8869959,,0.042106138
47034564.93,17679.85416,0.010266632,21.28323579,5485.757342,46.25698488,356.0499822,,0.171436538
34763103.27,9428.853341,0.011015801,22.69624047,8371.972534,52.06011126,390.1012065,,0.231666031
54081043.11,8898.8074,0.008169683,21.64263569,6975.795697,56.98209183,323.7612005,,0.122115751
40842618.37,5175.672305,0.011866092,20.88437154,8231.694495,28.85361504,434.4747863,,0.337101214
46131624.19,18634.95216,0.011224454,28.39455912,8785.087418,50.92193363,338.1133969,,0.164312765
30851264.51,7319.987224,0.01093107,21.70532927,8688.744817,65.77372873,399.1509094,,0.237622583
58449582.08,5349.605605,0.010409852,20.60146222,8591.358143,21.16751129,443.3784012,,0.35910245
36941986.79,11990.20642,0.008866769,28.49327226,8235.190968,66.00850715,326.3634994,,0.130725942
49577222.7,11581.2608,0.01168704,24.02253781,7547.016722,73.65187848,318.5280532,,0.11331317
33010329.57,11500.38842,0.011070031,29.34702208,4239.016424,57.53688626,395.2711044,,0.164515584
52425505.78,7642.287109,0.010974682,28.16702902,8457.113556,50.4536523,386.5605853,,0.222950745
40124500.25,8741.981826,0.009219142,25.75286143,6814.380064,53.82283767,421.1167944,,0.298877495
42967034.19,9601.03823,0.010091345,29.85577248,8211.172051,51.24506131,339.5058861,,0.155366818
32498212.82,15454.09805,0.010106519,23.42554101,5569.856634,26.26697814,360.9665394,,0.205453171
56700573.19,7078.171469,0.009857109,27.90709307,4067.673975,72.7730183,418.5483598,,0.103790504
37569744.19,6111.243129,0.009661887,23.01563096,7110.292657,25.00538584,476.7989955,,0.527562147
48017815.5,6195.946418,0.008433072,20.23917462,6387.912208,22.9989343,463.037931,,0.445905125
35006446.26,11086.44415,0.009726358,29.81718719,6474.183488,37.90795678,270.7518394,,0.089696293
53540749.73,15199.18986,0.009933923,20.99021606,6121.605524,31.58746556,420.6240008,,0.302808661
42229577.39,5322.778623,0.010671738,20.30186805,4352.696868,39.28919763,237.6128431,,0.059573419
44689693.25,16459.4325,0.011264135,22.26097505,8883.293836,47.08059364,229.9374773,,0.060481046
30160749.55,10485.91075,0.008768656,20.52470191,7872.116058,64.88383498,439.8546967,,0.33082538
59486855.09,7987.176363,0.010658166,25.34230597,8745.313441,69.27286579,203.4911818,,0.044617935
36300142.84,19518.82672,0.008115067,23.70291376,7773.299001,24.3484653,395.1217058,,0.264942908
49108627.96,15627.88041,0.008380644,21.35148675,4571.674232,24.52504312,271.226439,,0.093902452
34044570.83,18705.39893,0.009827531,23.32843124,5889.385464,68.84096024,344.2833647,,0.143772218
50698351.1,5613.557982,0.011484561,27.21628527,6123.753747,37.34866118,285.5340284,,0.094448202
39098200.14,11728.07803,0.009579989,27.4280123,6298.647066,64.78410988,249.0130414,,0.065812422
44078273.41,10121.05189,0.010730499,28.16940372,4980.595136,59.86233955,465.3895266,,0.28847622
31883627.74,7390.858752,0.008758289,20.38106129,4705.557417,71.10986581,448.1679696,,0.237622377
56040695.14,10562.71413,0.011459685,28.54940388,6885.22382,44.60455181,274.8942888,,0.08181601
38587262.28,9894.112716,0.008175683,21.43019222,4463.183548,72.19412963,270.2956249,,0.069107726
46495199.05,11937.67722,0.010251017,26.29654989,4683.772227,61.96404795,487.896578,,0.267937006
34500408.13,12801.00072,0.008169048,27.42060857,7292.09142,22.34025419,351.0432282,,0.178906834
54751381.02,11013.75057,0.010033597,21.75325084,4846.267922,56.34633933,442.6977032,,0.272839141
41209503.85,13901.01004,0.010530478,26.14491416,5213.996421,37.58504294,243.5612378,,0.064464601
45481624.24,17055.61327,0.010817055,24.97190421,4862.257765,32.68494593,393.6153871,,0.283244914
31136552.04,15029.27434,0.011830299,27.56032519,7370.049108,44.97422019,482.073308,,0.523565955
58037159.39,7904.470327,0.010756493,27.85721354,8017.900382,46.05603341,337.5293256,,0.160585043
36793997.01,16321.2824,0.009468836,28.79694257,5136.315336,29.48224185,300.1777134,,0.135216713
50064709.13,12020.86916,0.009451603,28.26775896,4056.78001,42.68505914,218.9867817,,0.05049617
33072714.85,5275.545621,0.00949894,24.70108015,6599.256714,79.81771014,479.3620469,,0.360763849
52022218.36,7684.335663,0.011736781,22.46495105,6292.05484,56.74330699,356.6343217,,0.164706721
40465654.32,7062.127519,0.009567812,23.32111661,7569.035981,78.96782228,207.4471803,,0.043362724
42791231.08,5096.656205,0.011697316,27.65883244,5042.956028,44.7186577,286.2937138,,0.104928884
32114706.28,17802.16875,0.008778217,28.86416404,8513.179063,57.17520507,495.6640786,,0.537016546
56884707.35,15430.01009,0.011707953,23.65169032,6702.572466,64.58490615,484.456984,,0.398373466
37894055.14,8434.489107,0.010330918,29.61921927,6112.434907,51.96208075,283.524689,,0.100134573
47662903.55,6771.166198,0.009525428,26.86496636,7175.66103,63.41251285,256.9514253,,0.066288123
35539448.86,8813.196234,0.011601976,29.91193618,8016.56768,37.50663114,381.4663363,,0.230240973
52882025.9,9575.37882,0.008708508,25.7308798,6697.905406,42.42821116,295.4979584,,0.101485474
41634549.14,5815.691257,0.011264293,26.8010096,7961.491496,74.31398221,482.3675049,,0.416814319
45064369.28,8288.216141,0.00950219,29.11524452,5144.608897,50.99679274,381.9280022,,0.193312025
30551946.64,11428.06179,0.009174211,26.43797249,4597.708377,22.44693745,233.1133205,,0.069152531
58774894.54,18024.81968,0.011945448,20.12447838,4399.510632,64.29146602,480.9730084,,0.285135259
35865377.81,5003.480391,0.010244576,23.44304917,6230.913905,24.76442036,200.031616,,0.042875508
48482578.7,14303.35735,0.009535863,25.43828054,7859.853026,59.08124947,476.7598915,,0.418566539
33787939.35,13407.07874,0.010180167,29.30763855,6884.191447,38.14157679,444.2385279,,0.424453478
51360410.08,8485.537698,0.011775241,28.12948114,6414.798069,45.4596453,474.1909938,,0.45781261
39486110.02,7198.265389,0.009610028,29.56117105,5815.565239,35.58725985,412.1219083,,0.348258418
43542688.49,5852.029089,0.009792203,20.89058343,5542.447494,34.90630265,262.2251245,,0.075827828
31633986.45,18744.52708,0.01074792,21.8823653,7057.571275,66.98100531,351.1290108,,0.154832524
55567179.38,9162.95802,0.008892969,27.94521463,7064.0026,22.90502499,439.8943779,,0.434970074
38448219.32,5306.393389,0.008587945,22.97806968,4012.836687,78.14336058,381.6065445,,0.09454326
46956589.83,9922.810759,0.010281529,29.21344653,4200.69107,38.42652997,323.6065724,,0.14325613
34542808.44,6579.204291,0.011353677,24.76931891,8145.805975,56.66667278,302.6012658,,0.108728507
54406300.67,6413.397973,0.008460712,20.82321936,6886.343182,52.213482,383.0031035,,0.2058377
40922032.14,10484.96753,0.010147198,21.87168098,7963.613704,36.09398203,291.2209119,,0.097867181
45939678.58,11382.48422,0.009042314,22.53433593,6762.138931,39.14054829,357.5609478,,0.183357884
30744269.47,14827.48624,0.011087104,20.73759383,8420.631765,57.9993898,251.7976987,,0.064226891
58106214.81,5632.730489,0.009480335,25.91005131,8197.027091,68.65793838,465.3050643,,0.362952101
37112374.09,13838.66316,0.011812498,22.54945801,8475.699009,23.55752977,282.1712113,,0.107182034
49762592.13,7763.592949,0.008934206,20.42136644,7860.18351,21.32621598,294.9608326,,0.11964325
32794953.84,13563.36113,0.011603796,21.72694472,4465.176935,76.78005351,468.2468183,,0.261176615
52124857.91,17378.08167,0.011798664,28.05620452,4114.515485,53.59818037,318.3438646,,0.112173944
39874440.57,9856.78453,0.010164107,20.44621554,7396.624033,41.37185761,370.3872075,,0.210810109
43222727.71,8500.762728,0.009021381,23.92202902,8578.567717,38.32494579,306.3548578,,0.120047856
32605623.12,16720.55094,0.008395914,23.13619603,4387.333429,54.02863926,374.2767528,,0.152555235
56302614.65,12245.06974,0.008432663,23.86191281,4841.143383,70.99061583,446.0607125,,0.189025508
37363417.24,7446.008085,0.009634145,22.25936616,5510.960766,46.5148536,272.9371656,,0.083004507
48287205.61,6990.210693,0.011487406,26.18024288,5400.320752,66.79801227,441.111411,,0.272134479
35239322.41,10524.73928,0.010671536,23.88554121,5315.689495,51.64798414,220.60819,,0.051611066
53632059.5,5195.224088,0.010686957,24.58650105,4559.008556,68.79591397,359.8526457,,0.134435997
42196969.15,6279.752165,0.010127087,27.68665441,4193.110276,20.03506547,315.2754842,,0.189218261
44433181.11,9386.91391,0.010462644,21.51608587,4545.573965,49.35416909,465.1625678,,0.335220803
30288965.3,11067.05952,0.011839324,25.8311541,8915.773283,47.39380676,464.143854,,0.442687845
59872995.67,14592.33255,0.008019173,27.99708398,5035.164422,36.29295502,376.6240956,,0.216622122
36186687.27,9440.478003,0.009896056,24.04335305,8130.184757,47.15982943,241.3209673,,0.059578549
49045448.45,13499.36936,0.010323505,27.05544088,5969.145881,65.24435873,443.0874774,,0.291373772
33857467.42,5928.419811,0.010370964,21.2258744,8437.045291,42.25842194,257.7122469,,0.075558767
50961377.47,17935.6263,0.010727454,28.71653074,8052.395521,78.3157605,365.1701144,,0.172751969
39142903.64,17764.98083,0.009924839,20.23002559,4868.104678,39.01195765,298.8376561,,0.110780025
43999424.53,12734.01985,0.011187088,22.60281373,8301.527291,31.92723958,274.5500049,,0.0935162
31698030.02,5129.78606,0.011139705,29.11600513,5792.009515,60.5628956,427.1130394,,0.301465135
55752257.44,14652.65099,0.008579856,22.27579831,8617.228312,27.49484557,253.7617558,,0.070702016
38748914.87,10038.75622,0.009917233,22.61793744,7524.242632,45.4048885,499.929469,,0.541060342
46548328.72,16085.37416,0.010222575,21.05382415,6397.532048,41.79870006,359.5927638,,0.183062081
34244413.39,7376.834361,0.008505706,22.72444513,6286.207909,79.00760435,336.8612759,,0.128775296
54456319.37,5742.95882,0.008842086,26.55128259,6011.725964,51.60842244,486.8998149,,0.402197847
41433632.25,6646.813267,0.008346777,20.86351973,6236.038389,40.34001706,236.201082,,0.05648557
45635975.41,5246.155203,0.010480853,25.27565017,8719.703785,65.97361826,295.0581668,,0.095639153
31187976.65,13862.07243,0.011672705,24.7754089,8790.749578,51.05887195,365.4895616,,0.199956457
57591416.88,9682.404206,0.011333213,23.5412246,4698.18906,78.0918869,397.6861928,,0.164859893
36585958.03,11320.2956,0.01060097,20.06535584,5366.134402,42.37345382,283.7370047,,0.09021679
50323787.96,18086.28971,0.0105713,22.00079068,6445.669746,25.57627555,202.6149518,,0.04611666
33378955.92,6192.352859,0.00891941,29.21298171,6092.045392,44.33021031,260.3932348,,0.082635968
51647247.6,6777.256482,0.011766199,25.18814792,4871.034738,46.90865523,490.8318431,,0.42284877
40393857.84,13046.13242,0.008411297,24.23044902,7222.225794,56.31805255,354.2140694,,0.165699959
42563308.36,18277.72269,0.008248747,25.55728649,7573.573639,74.35682573,204.1171205,,0.042489204
32292135.14,5174.685555,0.011289423,26.59072427,5963.087049,23.7557487,413.778172,,0.377384422
57314566.04,8353.395307,0.01030143,23.91393252,6970.686635,72.34522894,340.0338565,,0.134675657
37828482.89,18662.96519,0.008969271,26.96203554,7356.763585,27.47095425,447.2863937,,0.444505304
47347909.67,6397.712715,0.010580462,22.17157171,7113.448996,46.80137655,234.3651534,,0.057201298
35359390.07,14218.92374,0.010687174,28.85017978,4865.271649,35.94141459,313.7804793,,0.145459942
53187032.24,16786.88199,0.009502217,25.53156881,6105.198265,38.9882379,400.0406581,,0.27287309
41790234.24,15565.3852,0.008013203,27.58429868,7650.763057,21.64053376,430.6775016,,0.374464788
44986152.7,15329.23437,0.01117228,26.7631984,8949.894249,24.68713075,218.1477746,,0.057122403
30391111.51,10156.15041,0.010244175,22.37888758,4691.745268,65.24993595,258.0610852,,0.071231083
59098150.18,10015.58637,0.011973372,24.67926878,7868.959663,70.7425691,272.4252531,,0.076630661
35911615.26,17318.03341,0.011543777,29.39741116,5765.061638,30.53351611,325.9799656,,0.153972258
48585256.52,15141.34702,0.011965578,25.49815136,6620.499734,30.59291713,483.3369342,,0.527310645
33436617.64,6128.256135,0.008509924,26.64984504,5647.83069,71.29165849,279.8708584,,0.086617569
51124693.52,9777.142326,0.008829796,22.82058509,5373.568387,59.31727409,429.9254636,,0.256145692
39686966.47,17861.76611,0.008663502,29.21543331,7693.563756,37.86090681,292.3442442,,0.106391798
43605876.05,6941.621632,0.009256624,28.34741093,5661.745968,45.76943312,339.891431,,0.164307284
31410314.98,7008.255898,0.009998998,23.59423275,8623.066522,29.65465594,411.9398836,,0.30102156
55059526.9,19616.70438,0.010281441,25.59068957,5778.993733,56.52801193,304.2559566,,0.110078747
38259624.44,5467.508233,0.011517958,28.28440741,5198.186786,32.05958221,414.6847642,,0.365419683
47200102.65,11040.26944,0.00977046,26.3101061,6692.246312,65.00533775,241.4276992,,0.059214871
34875500.52,8039.552188,0.009410801,29.22357936,7395.316961,38.33035484,392.3589564,,0.263471245
53916182.57,12096.63029,0.009554316,21.73261777,6529.424048,74.40235077,230.37684,,0.052270505
40719518.04,15355.27124,0.010481199,20.66224942,7778.407969,38.76563379,416.0743868,,0.281347361
46155400.4,15455.40474,0.009329407,24.99987102,6635.522408,36.1878296,335.6725415,,0.155699529
30917837.12,6961.714424,0.0094342,26.67849696,5051.445347,47.02583675,218.175673,,0.053425832
58652691.71,8897.806595,0.010738568,29.4931884,8910.096006,35.50764669,341.0532401,,0.185497944
37053885.33,6356.795018,0.011764349,25.40051396,7192.40598,31.64989692,399.5733067,,0.272829074
49452540.02,5657.134633,0.008693988,22.10317025,8028.285583,24.00215918,393.0534245,,0.275396535
32946163.71,19975.04115,0.011765919,20.74883807,4552.564632,74.13426539,220.3007094,,0.04978492
52587779.98,13357.63977,0.010995869,24.33385404,6187.76081,71.33997491,389.1839119,,0.203039646
40029075.64,14602.32968,0.008824964,20.19246102,7513.570263,64.13675077,240.5592475,,0.059639718
43074856.01,6536.479239,0.008218708,27.68189673,7119.173943,26.20489857,386.7073005,,0.26284714
32427798.09,11473.26749,0.008233819,24.349288,4474.80662,51.29970957,313.6855856,,0.105722256
56682059.73,17085.67698,0.008188508,23.66261435,4635.581367,68.09506028,242.5417082,,0.055714469
37507886.21,16648.41995,0.009679763,29.48518113,4215.460702,38.68432628,446.6006335,,0.190569686
47851546.2,7130.853139,0.008731004,29.78458732,6074.32359,37.36837384,302.5704815,,0.125524256
34922875.26,5909.250203,0.010655189,26.58152,4098.371651,63.49215473,497.3909359,,0.207561204
53397203.52,7094.865448,0.010942831,22.90835762,4449.576527,66.06372281,347.5005976,,0.130540051
42369172.73,9051.535854,0.010492338,29.83785845,4048.26411,24.83188524,378.0333216,,0.255367026
44580446.83,13833.50417,0.010298845,23.84673044,6703.803951,20.69469721,486.1065333,,0.579175675
30002380.27,13451.69467,0.008154377,24.95106472,4036.851036,63.12595728,351.6708217,,0.08020627
59543024.51,8804.68776,0.010293915,29.80754233,5041.745925,70.09312726,292.8497934,,0.087774734
36389537.57,6424.037676,0.011208994,25.091088,6133.809302,58.94079193,384.1840765,,0.215985482
49370459.88,17989.79852,0.008508583,23.17519725,8275.40499,24.87665485,332.450895,,0.185060517
34145756.58,11162.24144,0.008862402,20.57332808,4328.792955,57.76245561,376.5878171,,0.16324011
50457506.2,10619.77426,0.011952113,23.81445249,5705.438787,62.21572875,309.0760614,,0.110104369
38916765.06,5086.505131,0.009108577,24.03121491,5530.543045,35.24876829,270.5790241,,0.086986396
44186207.7,19123.15235,0.00999619,26.54170767,5914.945186,74.1770379,352.2917078,,0.147620332
31987907.02,15968.66601,0.008303448,28.15850391,4623.936724,28.4467209,432.2333845,,0.259162078
56173946.6,10521.59463,0.011158557,22.51060848,4861.02844,52.53695405,391.8193527,,0.2181422
38603030.03,6096.337632,0.009615717,25.87123538,4621.417697,37.43685882,209.1817035,,0.049162858
46291992.09,19373.75907,0.011941965,20.77640759,4847.499073,29.3454355,436.1437158,,0.374547297
34413054.61,5843.30745,0.010318706,26.26596265,7969.317519,30.78167268,437.4551537,,0.365472153
54995937.79,15030.52317,0.011726561,26.17970036,4687.4234,23.69849608,485.0015359,,0.675950244
41085709.78,14117.22724,0.010855343,20.3063337,6529.640397,59.65167153,417.2884608,,0.264382492
45373286.3,16992.74438,0.010547129,28.9793435,6881.569964,69.73778031,267.3122659,,0.075871441
31028792.16,7943.053022,0.011356445,20.95971591,6957.008397,54.82394951,468.7755881,,0.431663844
57875075.11,5980.775868,0.00952219,27.47828815,7076.793568,27.99773496,226.7707132,,0.054504376
36721767.24,7233.782299,0.009967592,22.19381597,4034.186984,70.25756924,275.6823743,,0.072844515
49956764.28,6037.397428,0.010658909,24.67016042,8623.288825,44.37737583,223.8516001,,0.056177665
33200616.23,10601.74614,0.010642715,28.6110255,6095.53699,78.110688,474.2662061,,0.330704187
51940037.12,11241.70907,0.009546679,27.01081203,4875.136772,73.18859344,239.470245,,0.056633456
40589276.72,5416.646896,0.008427804,24.61601012,6597.224277,32.77873061,448.6907683,,0.423583761
42757543.95,16219.75524,0.00952316,22.82969462,6127.897699,25.45105084,478.4851876,,0.528397742
32045252.04,8861.344489,0.011109547,22.76457292,4181.677019,55.23455212,490.7944146,,0.329969968
57028273.56,7846.251446,0.008429902,29.73915068,5953.224376,62.87792659,489.2579389,,0.295540986
38024023.46,19869.34783,0.010855568,21.84971038,5714.318615,47.71904091,296.895011,,0.100341919
47779219.84,7167.366892,0.010759854,28.51234616,8739.326461,77.19620334,297.387524,,0.094602754
35614031.79,19041.76466,0.011084634,21.43129204,8810.182265,62.34348578,367.8017851,,0.196746443
52723167.37,9396.922886,0.008907625,20.319403,5045.943791,64.43618872,440.5028004,,0.247796126
41563499.87,5712.223398,0.011119421,22.05135415,6294.356544,21.30819786,327.3837009,,0.187285443
45229765.98,5214.401475,0.008194972,23.57558762,4995.836255,23.88604206,395.8098607,,0.324742561
30619123.69,6275.801573,0.011337053,27.23889002,6444.987964,30.67589995,300.7929128,,0.125321271
58958020.32,13421.82801,0.010263411,26.95291167,4548.283725,29.41738925,448.341009,,0.432251818
35684184.91,8171.194166,0.01156242,29.17801857,6390.063175,50.11752752,270.5299073,,0.082668117
48333357.34,14250.33094,0.009828438,20.68855831,6386.724116,36.07537968,331.7461983,,0.157714637
33626517.57,6222.156224,0.010631576,22.16252014,7286.618439,62.06753951,431.4615956,,0.308600074
51494326.63,5577.215294,0.008509546,26.49564939,4851.781155,27.86913999,362.2793025,,0.239766628
39404869.74,16552.42502,0.009076588,21.79181565,6013.629641,64.2043847,388.5782124,,0.207227186
43395930.03,10180.09429,0.009271428,28.11863419,6286.747431,65.35350897,238.6009175,,0.060140281
31577691.87,11139.79312,0.0116891,24.20534907,8626.860977,63.37239445,328.1451965,,0.140604393
55371679.02,7788.708787,0.00803067,27.21498591,5782.523469,22.7878723,351.7041723,,0.217353679
38334198.76,16748.51274,0.01174399,25.64980386,7375.959794,37.98470637,389.0555856,,0.23749436
46836920.15,7093.149788,0.010669218,25.93946324,8021.445975,37.13750418,243.0467597,,0.05937544
34716318.82,5355.309867,0.011725724,20.38236074,4388.217726,56.54956311,230.8184998,,0.056369435
54225677.91,7467.300721,0.009480197,23.0681449,8446.936575,78.13624324,333.0386987,,0.130926444
41001088.67,12953.55585,0.011197877,26.81501185,5745.477121,26.7672145,323.6687672,,0.152961854
45829797.49,8200.22163,0.011837493,24.30474789,6285.83421,63.8207121,448.7728515,,0.329097085
30721379.22,18319.1955,0.010005046,25.76126461,6224.706183,78.67067703,209.8292027,,0.045687318
58385016.4,6535.708614,0.008429467,20.89126568,5353.986249,55.60852203,432.2721309,,0.268325215
37251255.85,5046.25659,0.010040806,25.13105075,8742.982821,37.67562933,476.4184433,,0.478815649
49778205.68,13173.99571,0.008777242,28.77411272,5984.745048,32.90729938,308.5105101,,0.13279997
32877088.86,12980.23593,0.00847249,24.10838613,8301.28587,47.14385793,386.4619682,,0.226409617
52294659.13,18185.29263,0.008179963,25.43520452,8027.404953,23.46486098,236.3591812,,0.061477162
39859862.14,11823.97772,0.010014947,28.79808459,4269.964562,44.74615388,383.9357086,,0.174428264
43323321.92,16131.02476,0.008753733,26.50292554,8953.378235,22.43987823,489.7439174,,0.553924228
32629937.53,19319.06436,0.009446722,28.19667629,6507.737467,67.17269288,407.3077193,,0.252429889
56472834.16,8868.799899,0.010697082,22.97118197,8129.79194,31.9111667,354.4047688,,0.219278837
37260970.55,10286.69801,0.011495722,20.89910854,7540.000198,56.20747717,326.5975675,,0.138047403
48054650.11,5774.403082,0.010420904,21.2369096,8140.928181,57.46942085,474.1446306,,0.392341925
35103040.01,13211.54321,0.008907912,26.24384126,4104.914998,29.76894163,242.5047356,,0.075898956
53766826.65,8635.027695,0.009000087,26.310496,8635.597773,21.97159649,234.9644662,,0.059437364
42067025.02,12030.96651,0.010269152,27.47793147,6890.102152,45.1567851,351.8067434,,0.174260951
44329810.54,19611.44541,0.010070316,23.64865245,6538.2201,25.22692943,201.8368782,,0.044778058
30201383.75,18469.97552,0.00847272,22.56369443,4204.523348,60.48365938,336.9324155,,0.10815573
59716382.23,19982.48722,0.010279018,21.87841159,6246.264934,75.10926632,391.4951284,,0.197808182
36158227.09,7801.798159,0.008946856,28.9890145,5265.151998,30.21427894,208.2897136,,0.049662912
48918836.96,9778.110932,0.008556179,26.02723548,7060.529149,29.92393602,384.376655,,0.24161946
33950912.84,15738.99255,0.008508903,21.94145043,4533.311334,62.57323705,316.0412699,,0.104003071
50793194.79,15139.8822,0.011676706,23.69999226,5812.305169,57.65122419,397.6151434,,0.232381689
39259083.28,7724.12363,0.008161371,27.81212125,5162.315409,25.00372158,492.5727609,,0.472902775
43894628.05,7670.600741,0.011024238,26.60014939,6422.388712,20.08157953,258.6546063,,0.076639524
31816793.55,17478.73198,0.011039349,20.11868912,8921.454154,57.42297071,439.4899477,,0.32239309
55896026.3,15333.55028,0.011461276,24.97492293,4772.559032,57.1273796,300.9013256,,0.10592311
38840129.21,8549.630293,0.009762187,26.61432017,4396.323872,42.23476553,484.035183,,0.298808226
46687750.04,9048.926328,0.011990099,28.47239368,6132.584493,25.92413088,244.3185114,,0.063113683
34263765.79,8438.603476,0.009587695,27.66144716,8506.566888,58.36561604,294.4530395,,0.100066083
54719887.04,7028.437395,0.009752261,21.49087862,8779.179623,72.18655474,444.3468288,,0.302696247
41333684.72,19165.35792,0.010517436,22.21827928,6697.694709,64.43401448,290.08238,,0.086842409
45662250.08,6472.269296,0.011422363,20.25671196,5915.867339,56.63758306,337.4646496,,0.135657335
31258203.6,16426.92572,0.010637346,21.32209225,6600.122566,77.6501979,313.1987157,,0.106626125
57631793.12,7227.27032,0.011711165,21.61959083,8455.325394,76.3340092,468.8755915,,0.348928852
36526130.59,12478.70811,0.010478923,24.47230541,6545.292549,40.85005292,212.5487587,,0.046133299
50200884.36,6795.793886,0.009729326,29.36157201,8087.429189,58.29359839,267.4578076,,0.074830797
33303223.2,5739.916781,0.008031707,25.9393036,7373.966678,42.5723468,347.9900553,,0.167861546
51817637.56,8397.63162,0.010793866,28.72213589,5815.323862,20.86664993,225.2053901,,0.0517125
40197473.6,6462.275334,0.008902271,27.08349902,7107.274262,43.65673883,376.3014777,,0.217076635
42541133.31,9225.212546,0.008687933,23.41293062,6755.926465,26.08613272,226.2679275,,0.053088111
32201918.79,9362.749817,0.008054933,28.70792696,5030.10941,41.8461301,450.7038321,,0.2422066
57277471.47,14181.64314,0.010760178,27.38900774,7202.253486,27.80531036,315.5391613,,0.143671838
37738761.73,18367.5121,0.008644909,21.58733188,4399.273979,79.48179245,292.8891716,,0.075648458
47525761.07,6448.440471,0.010787658,26.76014265,4639.954173,53.85618905,351.264951,,0.153197802
35418483.51,11538.00679,0.011119334,23.13504923,4706.427098,68.94053682,309.2690426,,0.105845615
53016680.28,9119.245299,0.011977559,25.62570564,4165.861711,47.8836462,463.6019107,,0.301668263
41918556.61,10621.36139,0.009695426,24.41301807,7487.34194,54.25879384,491.7319781,,0.48240599
44878535.16,15224.34714,0.011441899,22.17706059,5304.0043,76.68042775,372.5358951,,0.164537583
30463998.59,10089.20052,0.010389536,26.50369558,7062.004847,28.25555227,403.6720885,,0.297845296
59298374.81,5883.578423,0.01146337,26.82873648,8960.540401,29.04896726,247.0432161,,0.064644221
36011414.24,10958.96265,0.008809376,25.26464641,4202.660146,42.91280045,209.3894089,,0.048602352
48807896.1,7831.714533,0.011470728,23.35364324,7706.558916,69.49135641,467.4018484,,0.366314506
33566899.85,12334.64169,0.011350465,20.55017734,7632.819462,69.2339175,275.3010115,,0.077162313
51221072.06,19254.05002,0.011060044,29.22320621,7282.301315,61.02320927,425.4129182,,0.298807586
39615877.62,6549.314415,0.010619962,24.04449514,8463.556719,31.72013184,475.151628,,0.468997385
43709120.53,5381.662259,0.008739909,29.63373741,6018.018137,57.71816011,393.5891254,,0.218892692
31413790.8,17243.32711,0.011784436,28.1401698,7538.172681,40.39443225,219.765581,,0.051034702
55197743.26,9959.613072,0.00957518,21.68806816,7540.937147,54.47045725,308.5392043,,0.111444678
38136832.69,11124.09057,0.008373698,24.38438031,8121.607141,34.0011508,410.1837251,,0.28764027
47111189.96,5336.051599,0.009291219,24.70995528,7481.006174,34.55904702,264.1015449,,0.074890043
34771792.28,6017.457475,0.010176482,26.02708519,8959.131404,20.70876658,433.9672878,,0.403902225
54031090.41,6971.732912,0.009009127,29.58009883,7641.079462,25.16205703,214.0755701,,0.051221224
40749147.12,7772.589875,0.010955541,27.88801125,8894.535757,60.79096162,403.371192,,0.246030041
46078083.16,15683.43508,0.009036847,28.96118046,5120.36023,59.19264433,480.6704634,,0.244223671
30888541.79,8759.707303,0.008868188,20.94381366,5205.101308,74.28270609,260.5489571,,0.069788026
58503807.25,16390.33476,0.008780316,29.32031667,6984.707057,43.86793014,258.7343658,,0.06916655
36864053.86,9511.637341,0.0104484,22.20971875,7341.484425,58.76028114,376.2430623,,0.194560699
49572660.66,7560.126295,0.009003159,25.27435549,7874.018985,51.35426428,378.8058579,,0.206627408
33069557.74,19649.15867,0.011598291,25.37892122,7201.14482,21.1285633,365.3338392,,0.244454038
52475698.82,6317.850324,0.010442395,27.18392876,5483.047838,28.6933664,411.5551551,,0.347822745
40148133.86,12997.3922,0.01159069,24.48149521,8450.25324,76.57461814,276.3176101,,0.078313495
42927396.19,12915.50556,0.008719921,21.16010006,7210.321392,73.52807802,362.5788431,,0.161256679
32489863.06,5197.174819,0.008704743,27.12123786,4695.99727,48.96010832,337.016824,,0.134198937
56764496.05,10275.15618,0.009247519,20.24828383,5579.87196,64.12962025,436.5836532,,0.268749676
37611674.13,16830.67568,0.009301872,25.03966735,7997.463236,36.926563,387.130557,,0.236286769
47969388.8,11161.29575,0.011577496,21.51914318,7872.505255,79.69507502,326.7708121,,0.121179649
35089768.59,5973.318762,0.010269438,28.58112678,7802.10714,64.54687705,406.286537,,0.263420815
53413716.05,9925.002755,0.010070785,22.25186698,8075.253737,65.71208068,256.378434,,0.06928178
42309877.67,5290.809313,0.011441752,26.2599251,6227.905085,43.8771988,343.2841228,,0.16315195
44727821.12,16634.18313,0.010599609,26.1759756,7009.722719,35.9737097,279.503024,,0.09014229
30089528.84,6884.603208,0.011225797,21.78009064,6388.305025,38.27421162,276.1217393,,0.088954253
59385780.54,17342.71104,0.009333845,26.57226153,5541.94864,27.56068894,367.1509009,,0.233012764
36312633.14,7397.118586,0.01187693,24.93038496,6445.528169,72.72429352,250.212066,,0.063374067
49188954.65,5674.564123,0.00852063,29.3227872,5539.438637,38.32328065,292.995939,,0.115813617
33996165.17,6717.655833,0.009218491,25.97747745,4999.163117,53.0471005,209.9783251,,0.048221822
50617306.3,14304.09619,0.009824751,23.48643964,4615.1225,30.11498368,412.4633718,,0.331723694
39028499.92,7471.182451,0.011231765,23.74330885,4125.89816,72.08360521,448.8925914,,0.199128661
44171780.68,7943.724689,0.008078844,21.90904596,5288.310528,67.6306004,237.2407816,,0.058091247
31913482.23,6388.476062,0.008292408,24.34489864,6729.891614,49.74491567,491.14333,,0.513344026
55979383.67,18287.36991,0.011989897,27.34965743,5179.497598,67.81456117,223.8623247,,0.052471052
38486480.29,12506.43449,0.010515004,27.71010805,5962.12459,64.90933191,432.380102,,0.287419774
46412527.43,9573.088441,0.008935249,22.53128973,5577.198901,69.25440343,209.5012234,,0.045188981
34480100.18,9725.531899,0.010517218,23.59553216,8283.210727,44.56652286,346.8666246,,0.181553033
54816970.11,12985.02866,0.008220746,21.22611158,8511.100024,64.94671305,299.903171,,0.098130662
41273270.38,11715.13662,0.008718116,26.82832962,8756.758246,46.20754464,424.3690362,,0.30501742
45426722.43,14412.48248,0.00887966,22.99906982,8404.762053,24.40320392,274.331025,,0.096189014
31102197.18,11647.97188,0.010990845,21.20213927,6787.774317,72.7953567,374.8155776,,0.186630031
57983389.59,5096.163975,0.011908446,20.87524846,8678.301431,73.6427878,219.6537302,,0.054120013
36841613.15,7044.678077,0.010464005,27.24508124,7828.566579,44.00592624,470.5873693,,0.468910809
50130361.88,7256.012409,0.010489511,25.46591526,8936.531252,30.97522658,391.7899695,,0.268184606
33136055.41,18031.63414,0.010443209,21.25275041,6406.986472,61.51467881,310.1242727,,0.106541576
52070873.11,5703.146787,0.010584896,28.76331477,5707.337478,25.39922572,462.7545461,,0.601334376
40455542.65,8820.637783,0.008720617,25.40165601,6901.312036,46.32741776,316.9130848,,0.127883363
42857268.96,6023.189401,0.009510137,29.67064362,8858.85013,38.19468733,448.4058734,,0.390625379
32164394.19,15043.48748,0.010965365,28.18073531,4833.812929,63.66247974,319.6364771,,0.11757407
56969720.94,18533.67849,0.009520134,24.33515346,5406.018869,56.31046403,322.9307625,,0.126166834
37942451.04,13527.31244,0.008982816,20.92721776,4623.38974,74.71375462,419.0964641,,0.182086888
47537710.79,16884.49346,0.011162791,23.05696541,8088.972136,70.64613323,440.423774,,0.30363313
35507329.74,5386.561529,0.011073716,26.06524819,5923.76409,75.84815436,407.9244277,,0.231102892
52969077.79,5529.563015,0.008240795,29.54315922,4741.816106,78.89534983,343.8933826,,0.071678188
41700868.95,9919.897607,0.011794628,27.84682289,5973.786992,35.76687304,456.9346442,,0.45900348
45121773.07,10560.41098,0.011186056,20.3377844,5432.524223,73.7724556,320.1841747,,0.111690699
30513099.97,7706.483959,0.011514523,22.7032442,6135.674666,45.16387837,464.7788478,,0.44791967
58871816.58,8090.257839,0.009458567,23.18705835,4531.176852,65.02933647,413.9645523,,0.176034223
35815259.26,13266.32716,0.008726333,20.41460113,6451.115286,44.50509393,304.6668153,,0.111280167
48558451.63,9474.234573,0.011055697,28.49627259,7961.913415,71.18642566,412.6822663,,0.259782981
33708600.55,9411.061612,0.011688696,23.13286916,6255.722368,57.18446953,339.4182365,,0.145719394
51343995.43,12103.79849,0.010344349,24.3127861,7036.395629,64.85404151,293.0689214,,0.089659047
39520758.82,6609.730261,0.010146744,28.03573216,5879.368059,39.82367799,431.5375245,,0.373639602
43488872.09,9061.681894,0.010451021,21.86499195,6230.572769,29.73791969,281.517716,,0.093975836
31595514.72,10262.21198,0.009026556,20.36173503,7129.999768,72.1246583,481.6905068,,0.417948004
55507391.51,12773.92447,0.009479623,24.57288403,6425.98724,72.4168162,324.39902,,0.120345981
38409926.5,14774.92425,0.009034463,29.46411829,8384.601142,30.27235356,270.7992766,,0.084725227
47010209.35,14969.73082,0.00881052,27.24186119,4097.672202,31.78164828,256.4536337,,0.082604646
34588219.42,10371.96066,0.009866805,21.5871107,8277.773664,72.65731438,217.411866,,0.049548329
54321290.99,11506.49844,0.010947711,22.7994444,7056.767695,77.57904159,431.4435218,,0.270537073
40883132.47,11385.07563,0.011443073,20.31642294,5516.390817,58.04240948,400.4836675,,0.23246445
45965932.7,10478.8174,0.008367537,24.02626762,4198.339126,62.96390323,313.3074999,,0.085477523
30793531.24,8679.650837,0.008396077,26.95642063,7613.470553,50.24723715,233.9337633,,0.056524267
58169626.87,13794.08185,0.01003855,22.17657121,6767.879955,75.47733318,446.8414474,,0.291931853
37077308.83,5651.04521,0.008737656,28.8159734,7719.749516,30.31501203,339.2746665,,0.175080151
49656500.28,7629.866321,0.009734067,21.76681375,5306.796491,73.27824107,415.3838667,,0.213939826
32724972.52,12352.04937,0.010805933,20.45993713,6824.509497,24.85633814,202.5118561,,0.046732538
52254113.59,19284.78931,0.010596538,29.13309951,6550.104209,44.75649958,352.6335166,,0.179699417
39921669.01,11185.7496,0.011882643,29.95646412,6905.680981,78.16749498,219.098531,,0.049812214
43156911.91,10665.54958,0.00880687,25.69970568,8126.081337,75.5890636,457.7030434,,0.343842425
32552650.17,7146.526941,0.010717068,22.8533581,7855.77351,56.83693118,474.6316393,,0.449612262
56286993.85,6863.350873,0.010734502,24.82909551,8954.81209,70.05806041,405.177339,,0.237163431
37455910.15,15980.98024,0.011439881,21.27264037,7044.646186,49.35073293,275.9531841,,0.082298179
48242820.73,5477.337811,0.011538682,20.01765942,5505.495594,23.37425161,318.7562674,,0.157818987
35271801.96,12170.75279,0.010370244,29.89214242,5444.977842,38.46294031,417.3681001,,0.354062447
53608089.19,11390.32093,0.008488634,24.22493728,7947.884783,71.60072263,488.891005,,0.402349143
42092545.51,13328.22923,0.008946344,28.6532363,8362.610838,22.8691078,233.6328318,,0.062207064
44543411.45,17878.00554,0.008643136,22.4824961,8010.032457,46.51829685,383.5850041,,0.219420188
30253132.45,9752.305463,0.01011395,23.78081483,7801.07237,70.59659539,312.8598984,,0.110114755
59943913.75,6351.458926,0.009809063,22.23500196,4237.843714,74.02886851,227.6196603,,0.049665266
36238090.77,8880.75091,0.008693849,22.51725123,5645.15845,54.9469147,431.45167,,0.298453215
49032052.16,12427.93615,0.011023724,25.75882169,8445.628765,29.36078255,248.8369017,,0.071166673
33826740.53,5006.046309,0.011039863,22.20984098,5960.563236,63.12751331,453.1100997,,0.348546236
50879851.65,7325.20021,0.00978545,24.99280682,6894.282048,71.56172582,420.5615272,,0.259981251
39178782.85,7363.096693,0.010624681,26.44882373,6327.120926,46.7639387,317.8511598,,0.131509735
44009701.74,13246.57176,0.010481064,23.9578669,5785.943984,69.71052696,454.7289252,,0.302121734
31728249.83,5816.893116,0.010464848,28.07329934,8307.592441,37.79407696,245.7685312,,0.063806109
55635637.65,16260.6271,0.009752725,21.15984082,6093.099561,78.36006728,438.0542621,,0.257489149
38706171.33,10763.33973,0.010957351,22.86067331,4379.255145,62.84672584,377.098472,,0.165938779
46599730.5,16359.66493,0.009152856,20.65506506,8333.106424,51.80643211,463.3824428,,0.367268813
34185763.74,6921.592817,0.008529597,26.37906545,5201.481821,53.37906878,467.0523642,,0.306129235
54549709.46,8513.758609,0.008818188,22.54963384,4928.478536,77.05750068,317.1580214,,0.098001157
41476630.93,7682.116631,0.008367677,29.41041127,5151.574561,28.29689128,361.4968933,,0.247734702
45566891.25,14232.53296,0.008351894,29.02256819,5976.92012,47.27197631,218.9797888,,0.052742764
31235106.02,9459.410762,0.00955168,21.08227915,5911.061644,32.42154645,439.1736567,,0.392220859
57492894.77,5050.017058,0.011326831,27.3567191,6094.008166,50.57589136,274.53542,,0.081104351
36623938,18066.7497,0.010622062,29.03799738,4263.360341,30.04432585,444.1852927,,0.328834306
50444209.54,11307.60198,0.010580671,28.3513416,5049.669128,43.06038015,374.685073,,0.219817044
33426852.24,6289.360911,0.011955159,28.8240702,7984.895232,64.4103671,307.1089298,,0.110370518
51590269.1,6663.696783,0.008859354,25.58324133,6724.826772,59.48809641,369.6402158,,0.187992036
40314533.21,12850.45054,0.009240375,22.95885188,4697.486483,49.07566313,318.7771496,,0.125934539
42632709.15,18347.98773,0.009419649,26.62959194,4971.35804,20.25517908,468.655605,,0.72831671
32344851.53,5728.48773,0.010120428,25.59744981,8449.372571,77.88773659,294.55276,,0.091410222
57417179.9,18704.62364,0.009242243,27.68648454,7814.4695,79.17377198,284.0513474,,0.083299189
37767966.99,8334.931362,0.01154314,20.73457322,8698.001279,34.25223319,466.9087233,,0.421254498
47296294.61,10047.87321,0.00990503,25.91367779,7832.776762,39.09170282,253.4152716,,0.066236119
35321281.5,16791.40587,0.0119811,27.71042094,7339.923091,58.20207264,359.1754775,,0.176359668
53192719.09,14209.97514,0.008829387,26.656529,8619.522938,63.12376621,289.5768426,,0.090188252
41854019.63,6783.094082,0.009783561,22.17384945,6573.710805,58.90467845,281.9660346,,0.083345104
44932990.16,6176.435414,0.010905955,23.46400474,7833.17367,61.48273778,366.7997322,,0.185040957
30355116.43,8936.271786,0.011958809,27.86754163,4513.285265,42.9846067,406.9922786,,0.287585677
59114569.53,5924.071064,0.009171474,24.31771583,4325.433076,69.83027622,278.6663586,,0.069029383
35921390.65,9703.66714,0.009351557,29.13334189,6751.596646,27.71509615,225.1122407,,0.051585954
48671120.98,16971.47499,0.011008081,20.7235349,6745.205852,73.66841262,304.510905,,0.094600082
33496440.51,5239.53796,0.008467467,22.0497142,5854.929335,24.47357662,477.4467456,,0.584157048
51051710.99,8003.588455,0.008130081,28.3767044,5503.085784,45.79457929,327.564419,,0.140408502
39724873.47,9372.050533,0.010480714,29.478889,6102.277637,35.04328076,256.4035736,,0.073264014
43684473.91,12123.24087,0.01157607,28.00583658,6571.594834,42.94728664,211.365624,,0.046455269
31362445.95,16082.25202,0.00820423,26.62320521,8172.218264,52.38848037,263.2239822,,0.075073719
55143346.48,5618.61943,0.011515544,24.78788092,5918.395783,33.32639674,455.315608,,0.42672587
38201328.17,19297.99962,0.010310286,21.31260804,4087.104974,53.85795147,263.4053865,,0.076701645
47228960.02,10732.28172,0.0085703,25.2530499,4285.30492,29.13998015,431.5635565,,0.28804305
34855645.03,7424.015327,0.008241848,27.96572467,4832.165128,59.56473435,278.3995565,,0.075933311
53865240.82,5401.424264,0.010995339,25.49539476,8274.123686,67.62449081,248.2505229,,0.063848734
40681367.23,8516.068046,0.009031357,26.87505848,7010.270792,47.01026142,360.1336604,,0.185649567
46229356.14,9839.072887,0.010154254,28.71267059,8328.932842,43.96309222,278.5227535,,0.08642258
30978772.88,6021.688018,0.008233952,25.50960101,7488.293519,55.08845998,473.3460171,,0.454741345
58619098.88,9429.260145,0.011913349,28.31863715,6425.069705,58.62874298,385.8811728,,0.22064169
36992809.35,11404.46503,0.009268556,28.47560069,7363.478805,38.14835486,484.8905929,,0.559896555
49375242.03,12077.71078,0.010213948,24.04024756,7778.820501,45.73129759,497.5604511,,0.51276905
32894687.9,7539.094339,0.00926366,22.56147951,4372.07418,56.12585473,284.3977717,,0.091085646
52639962.9,9555.1426,0.011377447,28.14563808,6828.899605,22.06254982,209.3613339,,0.048239129
40014775.1,5193.951296,0.009302273,27.28886157,5624.796876,46.14855447,354.7542528,,0.184571149
43026161.2,7137.649486,0.01155577,29.91622588,7193.213997,22.91197964,480.9767231,,0.509507342
32365802.85,17718.38695,0.011509282,23.36510669,4713.107709,54.59817444,220.6012065,,0.052219646
56573621.19,11033.6526,0.011538969,23.93335428,4552.295413,71.35873242,299.4444542,,0.094191609
37519702.98,5844.260733,0.008188812,22.99424007,8606.747319,56.67276216,337.0928244,,0.154118331
47870890.07,10184.6154,0.009146271,22.65767872,6712.481673,56.05969871,482.5135264,,0.419985188
34959821.05,12607.96816,0.008128265,29.79581533,4201.352396,66.24063785,392.8475742,,0.048074464
53322621.6,18798.83725,0.008461687,20.96882513,4473.860048,63.20168592,242.8273634,,0.05921291
42324396.23,16239.07209,0.008974208,26.61622952,4258.698911,44.44060887,442.2748645,,0.191727174
44630169.28,17351.71814,0.010854412,22.20546165,6790.907535,78.74790922,351.4842038,,0.144490923
30080758.17,17648.92485,0.008694319,21.43357524,4105.644665,35.08755732,485.9931587,,0.38358385
59648550.47,6710.27866,0.010863372,26.2937817,4973.961471,30.75712079,268.3878806,,0.086405122
36447106.2,14315.79849,0.00951687,23.72548725,7551.3183,56.48831318,273.0188679,,0.079561686
49281466.45,5012.707675,0.010202687,25.47902533,4047.989977,29.67331446,446.5458268,,0.350378422
34091418.4,14960.73142,0.008292931,23.3058196,4397.81368,40.91797783,466.9718721,,0.294233164
50590220.14,15862.64504,0.011396581,22.33066398,5637.740685,37.87153796,247.4097395,,0.062858097
38999761.39,8274.009444,0.009554448,22.39236849,5461.683926,63.43359633,285.9631301,,0.091751653
44252915.84,8374.266846,0.009961066,21.83693992,8235.918951,41.21310293,372.8430208,,0.223848339
31939096.45,9941.465605,0.008268076,23.46355422,7224.527987,56.02008916,449.2004617,,0.372551206
56113262.74,8013.085616,0.008221259,21.44421539,6371.589713,55.72447836,292.4405171,,0.09107185
38691396.01,19455.79877,0.01055342,29.48989101,5458.149361,40.82468848,474.9312484,,0.482986185
46374907.47,6088.060055,0.008879271,24.66263444,6463.15884,32.50986136,243.1213758,,0.061249148
34356879.47,9200.650943,0.011399646,22.64925216,5296.066031,78.45664257,483.4975809,,0.324584065
54934585.72,12357.18197,0.010555274,24.90386469,7326.671912,70.78426501,434.9319406,,0.291003356
41157991.44,8493.2299,0.009792068,23.88349527,8159.987643,63.96143829,298.6068842,,0.098917306
45292641.63,7054.807877,0.009609923,25.05406366,7885.506023,66.53192237,448.7257012,,0.335616567
31042520.02,10614.36268,0.008293163,24.85058864,7791.45239,51.44529539,209.4691196,,0.044987
57805712.95,10533.14013,0.009549318,22.14852812,4769.25239,57.43608651,205.0658175,,0.044011096
36677374.73,18016.9258,0.009995026,26.88847179,7655.586473,45.2641572,296.2382834,,0.107057409
50002401.37,9837.421109,0.010244471,21.77765196,8535.973128,53.8344045,313.9402669,,0.119159247
33209523.88,15835.88403,0.010198046,25.25351488,6182.705538,23.67581171,386.8158283,,0.268006086
51874391.54,15067.71991,0.009116345,29.11961965,4786.523998,26.25354461,299.3839198,,0.140339159
40523129.59,17070.40323,0.010860682,26.68469772,5804.944189,22.59141909,339.836589,,0.170323842
42709998.71,6672.363193,0.011204055,25.83908194,7523.050214,30.0280465,292.2877925,,0.105464191
32069129.77,6753.672462,0.011539805,21.12453442,4269.084508,45.79149154,365.5540573,,0.18958754
57109954.45,5367.901003,0.008969573,26.38155426,5885.603164,38.4392076,354.3466774,,0.189680421
38013736.88,11949.54167,0.010301719,24.5834512,5627.072579,53.30527183,246.6546737,,0.064045007
47726456.37,5401.053118,0.008123641,26.80329226,8189.04859,31.27318392,397.2729891,,0.263988604
35652414.69,13740.78435,0.009783351,23.25753259,8113.005246,46.42093128,336.5076263,,0.162871971
52811610.41,7637.761456,0.009172917,25.74734977,8975.836564,70.29065628,436.3620392,,0.299519573
41577336,6015.925745,0.010853701,26.85778186,7715.113138,45.92591375,322.1488852,,0.141536532
45183164,6975.867438,0.009960815,27.52015174,8876.915199,48.97322298,391.7474969,,0.234474665
30592684.95,11982.52801,0.008709923,26.45932527,6079.542927,50.77996346,355.3397548,,0.180945991
58906716.93,7024.724187,0.009627357,26.79527623,4220.067787,51.62716587,201.6392827,,0.043144518
35739585.94,15602.43364,0.008422091,29.64814206,6129.595031,30.86856655,479.6549582,,0.63941599
48415972.69,19554.74527,0.008062664,25.41692775,7466.599352,31.15889693,336.9850153,,0.165623705
33682947.32,5537.883378,0.011397228,26.73105439,5934.237913,70.73313534,426.2233505,,0.276371324
51428892.76,8071.005327,0.010372356,28.18503265,4297.968812,73.79261047,332.6697179,,0.094358469
39347722.82,10982.80083,0.011807502,23.5202566,5323.620611,48.25149574,307.4089928,,0.117470481
43445255.2,15342.6442,0.011595206,27.19097773,5597.377428,21.30641222,457.5020786,,0.531397574
31505106,15237.7466,0.011149708,21.93915658,8539.682288,35.3081389,228.3878113,,0.060836883
55412880.06,5450.745305,0.008569853,28.8562737,5870.752391,77.12496153,486.0319058,,0.247889325
38291566.24,6598.747596,0.009061144,23.03362123,6271.343595,46.53503354,202.5967666,,0.042174978
46791960.12,12730.50912,0.008103529,22.6964497,4419.192522,47.32478706,359.2245522,,0.145398525
34655590.24,16878.79935,0.009031619,28.31092416,7973.686613,59.01847304,416.9842807,,0.294830264
54184627,5578.625489,0.009925138,20.80188568,8514.566721,20.07592696,205.7422329,,0.05188812
41025198.32,18527.29338,0.011642882,29.54994473,5832.725542,73.55578613,233.8701674,,0.057686041
45882363.38,18728.87419,0.011872739,28.99455369,8060.247659,21.71615429,432.9273571,,0.367638455
30684559.99,7356.414753,0.010032297,21.05654454,7965.850927,36.86183546,231.5386852,,0.057917561
58317982.46,11508.49444,0.008394526,26.19656694,8994.540007,29.91296121,449.3077661,,0.368569685
37166568.32,16798.24141,0.009102555,29.05877345,7275.028431,41.05455352,207.8318378,,0.045385202
49900076.5,9003.287107,0.011839022,25.16163775,4955.141134,28.83081043,408.4019242,,0.329618765
32840067.36,16501.71957,0.009309274,25.41351756,5666.925221,58.60789905,392.5862991,,0.226097845
52335866.06,10121.46707,0.009100762,24.08669916,5393.23476,71.00840062,242.5396149,,0.060414393
39790166.33,18604.65817,0.011203278,20.0979042,6591.787066,64.76487366,396.5796905,,0.221316459
43274861.19,5171.182928,0.01181555,27.60816331,7298.769524,25.82212638,230.9901281,,0.057245249
32704505.54,6205.29831,0.010384507,27.08632802,8162.302079,71.55748998,309.75993,,0.107909225
56384872.67,14243.2961,0.010732389,27.6756082,6062.424111,53.6252135,370.2548847,,0.197954728
37318407.59,6405.179328,0.011468407,26.22883337,4309.287657,29.33986973,348.302463,,0.209089491
48128089.4,13114.95516,0.010385963,25.93186883,6166.243181,28.08136619,494.604347,,0.637836163
35195382.63,18072.00733,0.008493516,27.72887904,4035.749511,69.20491496,295.0940134,,0.047567733
53770992.13,6875.17641,0.009586888,29.82424701,8567.566557,76.30050851,322.7117975,,0.118777754
42019699.02,7633.691667,0.008957856,23.84352745,5472.98355,40.36009686,240.9339335,,0.061041608
44379622.85,5464.447901,0.008639909,25.0165374,5746.168246,30.25985055,390.9690393,,0.277991389
30230093.93,5859.387224,0.010784501,26.11980655,8119.505664,54.0299185,452.8217431,,0.403457517
59793275.65,12021.39918,0.010817723,24.14459447,6334.711932,24.56726148,450.8197387,,0.415395269
36069831.6,5335.795142,0.008392072,27.34653462,5334.013501,69.63816892,334.1167063,,0.113647757
48846210.85,6105.546361,0.01108413,23.65281353,5645.329411,53.72576927,398.4257177,,0.239339436
33903735.42,10727.93169,0.011100329,29.62837119,8135.84984,23.77133918,301.966458,,0.137790298
50850959.28,11124.696,0.008214187,25.99476334,6895.918438,21.19310517,383.5763278,,0.264886547
39301731.35,9658.96459,0.008670328,29.25764278,4558.948412,27.48655171,259.0832218,,0.095807797
43882427.61,8722.204365,0.011519063,25.15470206,5779.343869,22.56456791,492.7437443,,0.681928087
31782728.78,15326.58101,0.011534302,21.56413109,8314.496242,54.92550649,208.9307376,,0.047819286
55827264.91,7923.703694,0.009824857,28.25671576,8307.459329,39.00377822,288.9064342,,0.095229794
38887241.78,19253.43695,0.011398946,20.2085937,8673.928269,54.13408273,480.8459799,,0.425444455
46738317.2,7237.663176,0.011498567,29.52755581,5448.72511,24.6715406,478.9890294,,0.692669335
34344211.66,7439.63063,0.009080659,29.34103529,7781.811534,59.63255524,382.0527421,,0.220696304
54591613.03,5667.690652,0.009258805,20.51421674,8134.303693,69.6889027,231.942508,,0.057910017
41377190.84,12357.92325,0.00912352,29.96196036,5300.079679,25.66147717,341.6216437,,0.219167157
45734041.2,9198.150053,0.008968622,27.55331052,7331.982739,33.56456584,276.5149103,,0.088980863
31314614.16,6475.984384,0.010919659,25.75645629,7860.246039,67.44261692,475.437411,,0.441174875
57745002.91,12997.79318,0.011993305,26.09189224,7214.836283,68.69997558,329.9425053,,0.124882285
36485407.54,8252.421319,0.010198691,27.53788402,7805.312911,44.23520997,351.354015,,0.176676659
50256299.36,9940.790315,0.011832398,28.52142102,5520.668754,40.89385244,317.2182886,,0.136560986
33272834.53,8372.3475,0.010405043,26.77884244,4940.109587,56.10152852,242.0327261,,0.065402812
51717689.52,12665.77408,0.010513626,24.2890301,4555.765587,34.09180546,385.2325124,,0.255304416
40290066.43,16389.50237,0.008682565,20.3057283,8366.683229,41.44339956,235.0246128,,0.062606695
42429030.77,10300.66197,0.008970147,28.9787381,8016.05053,28.99889184,385.1232683,,0.248855784
32250824.23,9224.720425,0.008849152,27.42504421,7952.150871,29.22521084,267.491987,,0.085337079
57190595.4,14319.66717,0.010085588,28.66456616,5817.697275,41.36184802,367.5009705,,0.213525609
37678557.45,10244.81734,0.011419308,26.4291907,4098.187729,29.54564082,308.9837653,,0.146604076
47408432.58,8175.226673,0.009030953,21.29816159,4970.738996,36.17223474,371.8649781,,0.212976667
35456731.78,18177.4117,0.008815488,28.61164044,5042.242777,21.32158517,292.0013579,,0.136582026
53111337.09,12479.34882,0.010077712,26.06316388,7849.064076,43.99241234,243.6928441,,0.060030886
41879276.79,7596.815077,0.008357953,24.83554208,6497.768888,50.59853037,271.8219231,,0.080900933
44807355.11,13665.74176,0.008747791,27.32657519,5634.860687,28.58923561,350.6186517,,0.205607683
30430080.37,18901.7714,0.009679564,21.65198947,6767.478571,77.72478471,423.1733736,,0.272054321
59241534.66,8888.346966,0.008721925,21.36294027,8620.161651,77.16596601,269.8390058,,0.076804276
36054295.42,11032.95782,0.008094747,28.99397065,8775.712121,26.48495215,467.754748,,0.530326137
48750362.03,7713.685924,0.01168731,22.0756433,5311.255602,59.66835885,209.7691814,,0.044943951
33570263.65,7831.485198,0.011070309,27.36577143,8892.978849,75.66594944,438.8581288,,0.32683474
51198572.63,5352.988942,0.011277723,23.69518396,8541.669013,53.89175726,288.8092903,,0.090510865
39577962.35,14588.05771,0.010839631,28.3227476,7204.187394,23.18156079,314.0807353,,0.16118005
43787635.74,7539.588957,0.01082336,27.62171439,8918.204814,41.24865778,491.3799395,,0.525007017
31469097.32,12074.95858,0.009654263,28.97970751,4815.047227,60.60850931,290.5777103,,0.092420767
55287419.52,10621.70775,0.009857318,26.00389115,8800.916537,60.43009148,452.0096874,,0.344354835
38107184.09,8772.34658,0.008093468,27.60628475,6881.159001,20.97996834,266.5488006,,0.092799727
47066128.16,19191.35881,0.009010903,27.89411308,8741.166152,20.36324297,421.6384638,,0.359077077
34733819.8,14470.86085,0.00818144,20.19565341,7070.930689,20.20032003,427.4579751,,0.364651236
54108653.79,16405.09387,0.011004047,24.14199966,8272.405378,25.12210088,211.4110126,,0.052587555
40794125.38,13505.36549,0.008967793,23.38500868,7013.512633,60.74325345,397.1176433,,0.231851615
46092527.07,7223.388226,0.008074412,25.89397087,7556.825505,22.81067618,225.7610991,,0.054440538
30835445.8,19099.47527,0.009766174,24.20595447,7495.124603,37.66408239,436.5076776,,0.365401888
58415498.01,19349.64061,0.011977698,21.01975596,7975.355638,22.99292843,235.5959096,,0.067442051
36920467.7,7884.357659,0.009309615,27.97167712,8849.657944,67.91838526,418.0894527,,0.280378282
49615431.2,9096.279812,0.010239374,24.51243766,6910.262455,75.5065925,412.0086682,,0.240979199
32990488.56,8988.466411,0.010512877,29.77386976,4872.09924,59.39549396,339.9625047,,0.135522617
52457174.04,13822.33368,0.011418498,27.6730134,7841.425816,52.30133092,292.5601211,,0.096683784
40083784.05,7982.521027,0.009579719,29.29455617,6559.301025,76.89311944,280.4281274,,0.088541653
42981583,7432.544622,0.010730769,25.11657005,7838.905643,74.31461642,367.6055747,,0.175019968
32531224.25,16925.81719,0.010715654,21.60226726,5317.257153,48.1953159,332.8147796,,0.142284791
56758177.49,9238.733043,0.009465251,27.06525002,4320.35035,50.90436458,277.8605874,,0.08032726
37607906.71,5579.50175,0.009019541,22.01263633,6737.94981,48.04699616,223.7204606,,0.050668154
48045710.42,15591.51795,0.009986262,20.75711778,5774.351213,21.16229926,258.2795105,,0.071735532
35033518.27,8714.266896,0.008169264,29.30408853,5840.176385,36.01661809,478.3987157,,0.492084749
53500609.72,6801.355664,0.008491027,20.47482873,5488.828559,33.43142482,328.3699038,,0.145602987
42197948.64,19792.68766,0.011223899,20.73318376,4987.915752,41.19890051,483.4037713,,0.462784555
44723307.89,6263.550124,0.010817264,21.74303658,8269.742488,48.99390144,434.691575,,0.302963399
30125028.91,6840.166012,0.011932614,23.0240635,6590.600702,33.02418021,402.2114376,,0.2849629
59456472.99,17504.18538,0.009507888,27.84293714,7439.243225,41.13394213,315.8434789,,0.127160576
36269456.71,7489.402116,0.011215033,21.20350209,6574.653183,56.23778217,432.7645525,,0.311752301
49167084.81,8566.798048,0.011293099,23.85211323,5868.138489,56.4145872,308.871843,,0.111861352
34050260.47,7176.232501,0.010975105,20.82780596,4671.353757,40.73088296,231.9330836,,0.056855266
50663535.8,5110.132782,0.008228627,23.2207738,8102.859784,33.95835259,332.3725818,,0.171992475
39071206.32,10683.51619,0.010823995,23.31652925,7967.10524,68.42711829,220.9244704,,0.050944188
44107513.77,11106.91233,0.009990395,22.34070628,6746.099421,71.47385487,456.0509823,,0.327543784
31861865.08,8115.576798,0.011517887,28.86938016,7021.437584,60.22000776,476.3293986,,0.457393529
56002433.19,11591.58528,0.008199808,21.87779658,4880.452174,25.96360323,209.2325737,,0.047313484
38544929.74,12657.10395,0.010330648,26.46857678,7018.917373,66.39649411,249.4612615,,0.062832202
46483505.33,9434.352254,0.008219214,21.2581726,7401.246384,59.44766362,467.6423653,,0.377180452
34532477.25,9579.772886,0.010324622,22.38085619,4735.520747,24.38777565,370.1201428,,0.231133591
54774349.56,7240.498798,0.008440508,26.7929866,7250.938693,50.07995631,461.1207937,,0.395085959
41198921.68,8845.510054,0.008998316,21.10531907,7497.209506,38.81156243,261.9843931,,0.073062362
45493336.51,6738.817166,0.008661968,29.93213746,7144.783722,30.63101602,412.1060719,,0.340505119
31157284.48,16315.4643,0.008570389,21.69011388,4354.509272,26.33350772,435.234746,,0.438625162
58075874.46,7296.103628,0.009527878,21.40289587,6248.085555,27.18437205,290.6176016,,0.100433809
36769413.57,15024.36374,0.010244367,20.46824038,6587.93785,41.09215491,328.2661863,,0.14767548
50099365.53,13014.4033,0.010207386,22.24252322,7677.162528,24.04411781,247.148282,,0.070120742
33094914.21,5716.854455,0.010223419,25.72631112,5166.500343,53.44561234,451.2737886,,0.336827056
52011132.99,7362.314261,0.009055963,21.5466699,7122.956516,61.89038931,448.6613878,,0.323463005
40511859.57,6768.381489,0.011138947,23.02845595,5797.126947,70.13297078,302.8480194,,0.102530293
42814811.3,5325.645435,0.009001181,28.61616164,8372.055329,36.64918371,228.3928789,,0.054033431
32132423.75,17064.20515,0.010460801,29.78243089,4267.066686,61.45802623,403.7113994,,0.142421696
56872736.19,16123.90907,0.00903104,22.73341855,5892.124564,53.81282718,391.1858752,,0.221300672
37870438.26,6349.959223,0.010369724,27.33277125,8471.305073,28.92071569,395.9298858,,0.263161547
47628105.49,9750.070327,0.009549122,28.83891169,4827.510153,25.4884542,444.8419946,,0.479662207
35565315.91,6077.242901,0.011562655,26.88573013,5355.258769,73.6437,343.7668922,,0.138949842
52840013.33,6893.915773,0.008747833,28.72275089,4056.73803,76.69062279,407.4696297,,0.062535892
41661512.35,8020.559008,0.011287987,28.90191552,5290.464057,37.32685339,219.3526956,,0.051998137
45047135.18,15859.46532,0.00870424,28.102221,6535.953358,35.20485422,296.7246365,,0.116015467
30563637.16,5477.941556,0.008095209,25.11672509,7239.129133,68.50071675,450.7383692,,0.350025743
58717528.57,8625.4315,0.010776586,21.4497123,7422.381407,48.21754558,245.0641774,,0.063808694
35830372.11,10463.33376,0.011040436,24.92542284,7934.681924,68.93587498,436.3616753,,0.316451723
48463973.63,7481.315509,0.008741835,26.75953689,6476.996416,42.99818793,244.0736311,,0.060378154
33763874.78,19416.8,0.010140843,26.39618246,4535.73547,73.25405802,256.3830061,,0.064755293
51401010.51,6379.81259,0.011798448,26.16787992,8753.831819,65.68885434,211.1985006,,0.048126714
39457227.73,5449.610771,0.009586852,27.23580862,8144.490786,75.50441983,300.1451486,,0.09620751
43573781.91,7779.691166,0.009753371,23.56262701,7872.030844,54.16882962,450.117482,,0.352844073
31657014.2,13591.77185,0.010708596,24.91345148,4396.300511,43.9383805,313.0908831,,0.129358142
55592947.66,8779.136359,0.010337276,28.27755857,6311.94566,27.99350954,384.1862807,,0.26334044
38469335.66,5077.208672,0.01014181,23.31041288,8572.075646,70.2533295,438.3354522,,0.308196962
46902902.36,9511.10056,0.008979925,29.50671352,8394.007805,42.70569193,266.6682375,,0.077067551
34573571.42,6863.619318,0.009907298,23.85165794,5230.217386,61.7332135,207.1237364,,0.045376485
54381046.51,6137.084874,0.010778311,20.52993776,6372.492698,59.15499792,441.0400712,,0.306017208
40950305.52,11505.29093,0.009387294,27.70098922,6270.705478,32.45257576,338.1326534,,0.167982709
45909224.57,10369.59721,0.010298315,26.64765018,5011.247537,27.53109287,423.2226629,,0.411065534
30764902.77,16271.70995,0.008315537,29.6946582,5816.057317,69.60883807,223.7095028,,0.053412111
58145062.5,5203.196047,0.010236271,24.90281155,6037.215797,64.54596529,455.9667884,,0.314487267
37136941.27,12597.6097,0.008536936,26.70092384,5787.917067,49.68382268,347.7597111,,0.167768199
49716215.02,10262.87179,0.010591628,25.46110692,5416.22225,27.24744547,275.8796365,,0.090899094
32764498.98,9059.605084,0.009885965,26.76531489,7026.708695,74.61511777,487.3280133,,0.414619168
52173273.88,6609.28128,0.009703759,23.09474635,6675.361009,54.71552496,337.3483937,,0.140644272
39918469.89,12476.95626,0.008321749,25.40661807,4640.772832,35.09837976,350.7921678,,0.182427253
43204573.67,13509.06002,0.011488861,28.96056553,6017.418214,40.01987316,287.9328386,,0.104225412
32583927.61,15398.41467,0.011139921,27.28612169,7388.18929,72.67141163,402.4384855,,0.247236927
56341155.01,13269.47371,0.011157356,25.31530553,6924.537434,59.37887173,474.1489887,,0.396652289
37388987.11,8088.016083,0.010893985,28.24614943,8764.480852,20.15578776,207.275424,,0.051368233
48255139.5,6370.322482,0.008227751,24.56937467,8865.665242,62.68604641,487.9499019,,0.442010911
35215265.6,11398.4743,0.009927288,25.37952662,8959.75218,77.77656594,248.7696996,,0.062391564
53695460.5,13400.99552,0.00952205,22.08713102,5845.404366,40.6569118,472.2073446,,0.432650871
42146961.31,11576.60074,0.009042749,25.18606972,5464.862361,51.92506905,202.923353,,0.043833665
44470930.42,14553.82316,0.009359722,24.01550118,5739.344166,77.46436747,352.8079594,,0.140858275
30324800.14,6064.489833,0.008986886,28.33055629,7619.62168,79.28375312,351.5007334,,0.157133375
59883255.25,9413.151656,0.011181914,25.49768425,6341.539737,68.1830498,488.9808186,,0.375756627
36207804.48,10040.73918,0.008467859,24.49160126,8764.192445,49.03313915,484.2365281,,0.491444988
49074038.44,7185.545032,0.01175182,26.32326439,5333.91748,67.15772278,235.8960428,,0.058052106
33877920.29,17843.19687,0.011798126,20.39540247,7822.56867,40.33755752,463.6065005,,0.413849875
51000691.11,5897.93071,0.011158632,27.90436466,8685.182423,76.46831085,309.2736146,,0.106628025
39165642.67,5930.450572,0.008493717,20.64908167,4252.111724,40.88870062,356.5629611,,0.171480909
43954769.42,11759.60636,0.011513989,22.34694632,8046.410086,38.7667162,433.8796848,,0.320665969
31687306.33,6696.750399,0.011561317,25.93438682,5422.26083,68.72117685,267.693524,,0.079443075
55695673.2,19127.69617,0.00821876,22.69402847,8989.551936,49.30753743,450.69926,,0.336083027
38788282.39,13107.77995,0.009276337,22.40994716,7269.124836,23.41772944,209.3701023,,0.050197648
46564082.27,17423.79911,0.010580253,23.91836751,6066.731398,34.98537139,331.405277,,0.149909347
34217926.08,13131.66492,0.009077447,23.15433554,5671.741519,77.18213093,393.391784,,0.192227186
54497135.34,17951.26759,0.009270333,26.98376715,5398.470787,53.48905727,243.4915849,,0.064570629
41408730.5,14222.76388,0.009790529,20.13267817,5619.120446,42.25698602,442.7744989,,0.35289956
45601641.35,19705.13356,0.011913075,25.7202414,8086.611428,67.83571638,350.9663959,,0.160276306
31169232.86,7457.021993,0.010244386,24.3455041,8176.273763,52.9834557,308.9541584,,0.119367826
57562177.69,15017.67063,0.008496889,21.04063635,5901.574509,49.95162634,435.0432055,,0.305081098
36579761.56,6208.647243,0.009701665,22.56477353,4138.029641,70.48330171,246.0896019,,0.058466821
50383624.57,8248.417007,0.009719633,24.50138967,5246.718494,57.46542094,314.9716976,,0.11900629
33350556.55,11288.93649,0.011754502,26.71357959,4820.29567,76.22064125,298.0431006,,0.09556244
51673247.58,10511.04447,0.008931103,27.68877313,6157.883471,78.7984278,378.1885581,,0.166245452
40366919.23,11908.34292,0.01118655,25.25446407,4514.463268,75.19495683,419.802542,,0.181647044
42592722.75,19786.58555,0.011473246,23.92749309,4163.191775,55.25079651,269.7788624,,0.08196288
32313639.02,5664.783034,0.008049268,22.59642845,8261.466544,42.86359475,366.8664304,,0.202176313
57354097.67,7694.864416,0.009045441,25.58553066,4755.926858,60.98410331,293.122115,,0.089815853
37854324.84,17036.75148,0.011744772,23.47494664,4418.754347,45.87934461,475.4479122,,0.391858503
47380376.04,6952.278149,0.009820592,28.64632646,4659.632278,20.89459554,243.776591,,0.076593981
35374411.35,5615.994442,0.008842626,23.88978443,7152.75611,42.32510173,332.2711692,,0.149504433
53128684.03,5282.136592,0.011971886,20.49303942,8510.481023,37.40283139,419.704355,,0.301372256
41744415.43,5116.252083,0.010481408,22.62404154,5089.920925,26.96838622,449.6868838,,0.44792851
45005351.85,5800.171824,0.009329199,21.72482644,6193.128816,22.04634934,235.9841474,,0.058204905
30378346.93,8023.860402,0.008276833,27.41742702,7404.259728,71.17093805,237.8068675,,0.058787931
59058981.77,10968.82496,0.008748621,26.13357671,6357.963775,59.61948047,206.7635205,,0.044757604
35886909.76,18762.07767,0.008803704,21.02994189,8471.622695,41.90861069,297.8914125,,0.103442473
48617414.35,16614.70321,0.008694265,23.98676106,5103.982299,41.73202039,436.4987207,,0.319987504
33459677.08,6654.392525,0.011765642,22.53713654,8588.853623,60.15437211,345.459072,,0.168960456
51090409.67,8903.328671,0.011573822,26.36656815,8863.192239,70.22543557,495.5868923,,0.453158165
39669676.68,6319.315328,0.009878788,22.08616008,7187.077019,73.81593854,204.8660276,,0.042553896
43630663.63,19647.09025,0.008033464,20.43885228,5467.682942,66.02042434,272.3159365,,0.078609063
31371225.11,19836.04907,0.008713338,25.09989843,8736.525292,50.14002528,497.8802464,,0.555735872
55051508.92,6930.954058,0.011004632,23.18645295,5350.422174,31.82478309,221.226935,,0.050770022
38242321.33,15474.86672,0.010803648,20.41399543,4691.623456,56.29677903,497.4756775,,0.389318293
47174851.1,5659.974152,0.010206067,21.65999576,8797.297303,74.72887253,453.5554337,,0.323754537
34894885.21,15682.45268,0.010597021,24.05895092,8094.234776,44.30446081,311.4813292,,0.127713164
53958095.61,6193.165259,0.010484798,26.54998403,8956.762699,65.37587652,465.9420833,,0.375484005
40693938.74,7528.281125,0.009542294,26.05514874,7696.037637,48.49694331,278.9832735,,0.087156275
46181537.22,7913.083041,0.010647096,29.53250672,8896.906828,45.45004501,360.263584,,0.19719027
30930494.17,9861.758431,0.011625184,22.92064405,6384.537494,31.25724446,459.3055732,,0.470648117
58710602.18,6280.832955,0.008446188,20.75104131,7528.328384,20.3250062,399.9199704,,0.29711283
37014155.11,8980.998014,0.009048947,24.15958877,8622.849769,46.94972518,341.2559944,,0.171539573
49505685.01,7998.085864,0.01049418,28.35630368,6538.802115,39.30291704,338.8376113,,0.162842759
32981961.77,14120.07169,0.009043837,29.49571418,5631.58834,58.83443708,429.2040239,,0.264144481
52546963.94,6548.895512,0.009058797,28.94611565,4240.137032,76.84658091,305.9624268,,0.059178573
40058893.98,7120.677566,0.011135937,25.58995006,8056.242848,55.11806741,454.9940841,,0.378091177
43102012.25,13385.61582,0.011773455,23.10044282,8452.767361,32.18586208,317.5850088,,0.140881197
32445839.21,5874.311133,0.011789667,28.93072462,5953.701877,60.32434564,380.5007491,,0.217735528
56637396.97,8700.257338,0.011756806,28.3673601,5811.703486,73.60224106,461.6640722,,0.28717199
37462411.91,5882.227984,0.008902953,21.73332995,4414.578523,73.92250368,378.7323489,,0.130734715
47798282.46,10091.57015,0.009945314,21.44315551,6266.040583,73.36735402,234.4823813,,0.054798255
34950515.04,16725.08675,0.01193203,24.64618568,4531.654644,23.80173969,414.6550617,,0.384602703
53336960.48,10040.32102,0.011720679,25.81934821,4179.848684,45.57649693,264.7090587,,0.082381851
42422173.33,12809.71118,0.011215497,21.45827996,4552.481394,64.34465981,458.9932337,,0.273801167
44550285.08,6071.425084,0.011199698,22.00296669,5319.233137,74.85667517,280.8425853,,0.083762653
30022698.89,6448.045074,0.00934417,21.85547292,7906.802164,38.97876343,258.2471207,,0.072093749
59583339.2,18369.43953,0.011205571,26.64764367,8935.483943,34.35899075,499.8712679,,0.537546189
36364916.03,13428.79591,0.010289534,28.25862797,7215.674357,38.48398152,253.8471713,,0.070662609
49337049.18,9384.76348,0.009990909,20.01826511,4371.296951,79.11222032,427.192382,,0.17507456
34131640.26,14821.46607,0.008615472,22.04490951,8584.522671,28.24128338,218.3479227,,0.056926021
50513487.96,16103.99978,0.01169904,23.5673126,7383.658381,32.69454264,429.7430005,,0.319684134
38953379.07,8399.900937,0.009353552,23.66304421,7519.510397,65.75507619,393.5156169,,0.222179627
44235350.35,12647.48382,0.009743404,26.15286139,6976.407622,43.68722433,229.2086327,,0.053419498
32001832.17,10587.20343,0.008050404,29.14784077,8484.700941,58.96217019,311.5670313,,0.119760906
56211980.2,5492.10324,0.010339989,20.68280032,8491.086985,43.00887066,222.8111459,,0.056479595
38629166.95,13889.04541,0.008882841,27.79097598,8183.746733,58.11285375,414.5148891,,0.282539901
46323342.61,8504.576931,0.010557538,22.6121575,8423.859211,68.55167527,342.2127568,,0.153816353
34436353.18,10274.11994,0.011179825,29.42746529,4056.046309,66.6338854,343.5199018,,0.103507085
54958726.95,7856.982332,0.010774927,28.08776975,8586.643393,74.19868675,279.5922471,,0.080785687
41106118.07,10435.09447,0.011787535,29.84924262,7519.198,63.19593165,295.6319159,,0.097460907
45365121.28,16244.87396,0.011623001,21.17850256,7244.858984,66.25026881,445.5119897,,0.315732895
30992401.14,9023.9142,0.010282526,28.8827429,7179.649678,51.39732752,216.0152101,,0.049258432
57905067.28,5736.823202,0.008588904,22.67667544,7283.878075,32.06746516,497.8409636,,0.544026132
36740032.14,9799.451148,0.008893928,27.65091766,5023.734863,66.65333491,397.3393088,,0.164749065
49927004.1,8324.483966,0.009012162,28.47667164,7660.051482,78.43172572,290.5461878,,0.09188089
33180837.48,18968.24848,0.009059505,24.49216686,5183.607131,44.07997485,409.8581454,,0.285598208
51970656.63,17699.50604,0.010125983,21.17018036,6404.617795,47.12684006,341.4307339,,0.153558194
40620265.87,9280.437985,0.011774289,28.46276401,8124.226381,59.32404118,365.4230634,,0.18440178
42725095.48,12267.53982,0.010181131,29.02317397,5154.908551,51.42055026,411.7909352,,0.2471999
32034137.23,15552.76239,0.009536861,25.13681373,6130.57966,45.74444037,360.5275824,,0.189097566
57047082.14,17858.59566,0.0109821,22.34726406,4006.858278,38.14980321,357.0843071,,0.181925763
38062068.12,7340.8086,0.00830619,29.14539092,5008.091977,53.22892201,240.364502,,0.061681447
47731260.82,19398.54536,0.00834328,21.12060304,6949.21081,23.64361361,241.9147436,,0.064328499
35601726.79,7661.150005,0.009503149,28.82345527,6852.834683,38.55240833,499.9179015,,0.658007626
52754213.38,5233.876512,0.01126528,26.50937518,5921.252362,30.50815148,373.6058822,,0.230919424
41531985.02,8611.649207,0.008707537,26.01763439,4677.17039,54.88659966,262.9015755,,0.074925193
45264387.82,9743.310574,0.01160295,29.57123908,5976.301124,50.43306925,497.6985022,,0.495430358
30637213.24,7923.65633,0.008992101,20.93233123,4839.666104,64.23960832,217.7104435,,0.049929826
59003030.92,14983.13467,0.009909633,21.22809411,5479.582547,63.45076337,362.8379849,,0.16326087
35711427.64,6151.565049,0.008141754,22.67515534,4889.61152,24.17275187,318.584068,,0.15312921
48358388.7,19266.46059,0.008779187,29.15357626,5554.646902,40.14693356,378.8395818,,0.235275002
33643243.06,5454.395077,0.011698283,27.99440592,7084.414353,57.99777337,253.2651257,,0.067357109
51555898.58,6357.750433,0.00956686,23.66173443,4590.067837,31.47015614,315.4756691,,0.140833582
39411935.82,17325.78936,0.00800377,28.3658972,5615.247641,60.77548076,284.5029798,,0.091339464
43374356.09,13781.26314,0.008336182,22.03646559,5264.538554,68.95637764,434.3750158,,0.227907371
31556327.38,5331.284637,0.010812357,22.28872671,4722.736862,39.21044511,459.5750111,,0.43589028
55334204.8,14923.98157,0.009469792,29.12283626,6864.368873,73.23040777,258.2135237,,0.069688409
38360153.66,7345.819855,0.010757452,27.56313756,5977.338226,58.50048962,220.5600741,,0.051496989
46868631.97,16161.22367,0.011831293,27.85943449,4078.266489,57.94533327,373.8909232,,0.150210432
34692830.81,11180.47102,0.01077477,23.47512967,8258.140858,46.96140719,399.900235,,0.250484459
54249147.01,5662.068492,0.009233029,24.55074118,4503.019222,48.64800176,472.6012697,,0.278279014
40962555,18658.70493,0.011452667,25.8010892,7187.379292,57.24421159,481.9813143,,0.450215236
45778885.4,5213.895379,0.011590517,23.31165356,6800.840625,33.30158593,290.606782,,0.101588367
30713936.62,13193.56085,0.01025005,26.62259945,6725.249605,48.21563868,370.4855043,,0.205301912
58321354.31,9050.166362,0.00817469,21.72426671,7735.13953,25.12056723,311.5319682,,0.129916686
37226046.63,11482.03277,0.011460633,28.21862247,5156.236598,58.33709766,306.8981133,,0.11648342
49811917.18,6304.84287,0.009724229,26.93867485,7368.705521,72.48067098,476.8589651,,0.373860346
32854838.46,6213.137482,0.009028982,22.19054394,4427.088479,56.36520926,255.982298,,0.071607979
52330072.7,9490.780342,0.009318546,28.51980374,4152.606926,73.95051026,406.0963767,,0.08827982
39832887.61,5186.901635,0.011485562,26.8756737,7832.265603,50.33480917,251.7726138,,0.066102446
43331895.46,8098.775923,0.008293697,20.19712027,5883.163189,64.38962114,254.4490954,,0.065803372
32669751.61,9620.266868,0.00997472,24.47875414,4577.659289,49.59771921,323.8439496,,0.132532643
56517509.75,17618.84343,0.010225234,29.35512208,5533.514865,51.37658579,306.1058429,,0.117673821
37303076.92,5122.900604,0.011957958,27.0492837,4796.616629,30.65082578,412.4697439,,0.364398033
48113251.17,11626.64887,0.010875416,27.37678511,5444.543899,29.56833239,257.013869,,0.073194524
35128300.08,9507.84595,0.01085707,24.13565322,8898.700003,27.16050097,290.0983621,,0.106642796
53723600.21,11966.28012,0.011199244,23.41869272,4368.093489,34.83419464,337.6271876,,0.165300697
42036799.98,8776.242494,0.00846831,22.86736893,6118.395662,41.67103947,473.2561037,,0.451973989
44361717.37,6831.20556,0.00812897,26.69662888,6470.392191,27.8353844,323.2952328,,0.152557501
30179688.94,6646.072188,0.010289065,27.17432286,8804.049646,56.46873178,233.3907701,,0.056885073
59699420.24,19868.0509,0.009291962,26.79031412,7730.990771,62.84550629,464.9129147,,0.37053973
36120428.22,7846.735099,0.01199888,24.83844568,6749.2095,47.76612486,282.5682347,,0.091058628
48966905.86,9721.912482,0.011514442,20.29530298,5576.394515,48.06195011,458.0417728,,0.368032448
33963443.64,15658.79053,0.011560864,26.73586267,8204.930694,74.4426623,240.2934685,,0.057865367
50743199.68,15217.09575,0.008628648,27.63597486,6828.280618,79.36425571,473.9534605,,0.302773884
39230853.4,11238.56424,0.010102717,21.95149266,7829.167666,28.08045449,369.9881467,,0.227185922
43929948.98,10601.06454,0.009207771,23.71070198,6569.094439,33.00276428,306.2483758,,0.125345785
31839686.25,6039.060899,0.009223004,29.57048336,4087.080651,59.50017753,393.3336994,,0.087598231
55860531.85,5312.25391,0.009269809,25.36429302,8218.829944,59.6785864,273.5225608,,0.078323894
38818788.05,12339.05656,0.011937908,23.72487201,8604.924899,44.84116146,381.3815991,,0.229823536
46665402.41,18023.47294,0.011463565,24.82771377,8702.616461,60.84994981,496.0109939,,0.476079398
34291811.09,16991.68015,0.009115848,24.03568577,6408.022125,24.86033837,361.5013931,,0.198841937
54657832.13,14113.91699,0.009294177,25.20886723,6056.254608,44.75958071,211.4781605,,0.046850906
41311300.39,9648.3155,0.010061244,26.08337245,4467.00867,22.48333997,375.3045235,,0.305620041
45682943.38,12892.70641,0.011905348,26.47951692,8997.690998,30.16573101,401.5833175,,0.278598303
31279372.73,7209.034782,0.011862173,24.41028386,5499.361056,26.79844495,444.0434525,,0.440136689
57670823.35,16479.36815,0.010787363,24.69870344,4897.896293,25.7743164,300.380651,,0.121069504
36550861.27,6513.095143,0.011019607,21.3774071,5478.698214,61.26191644,418.4718873,,0.265932074
50234880.05,11931.55617,0.008770193,27.44517644,4481.185676,37.71914294,360.8803639,,0.178052446
33325770.4,10070.10648,0.009466853,27.85958956,5979.636779,52.04328863,442.0669265,,0.352692201
51795220.37,5086.179847,0.010540819,28.97426365,7254.251296,50.3566938,364.7682273,,0.192901321
40241353.79,9356.582049,0.00865507,25.61076372,5981.841681,74.10441043,218.0621659,,0.04971421
42493985.18,6413.868701,0.008942714,24.28377352,6333.199323,56.50450795,368.1012686,,0.186808644
32210379.35,6455.840413,0.008309965,28.91000574,8039.466054,72.26818041,290.1934409,,0.095627745
57252540.89,11661.89244,0.010514937,25.30704607,5750.134478,58.31526556,494.7995635,,0.391219134
37713227.27,8802.236307,0.009853615,24.75066557,8327.803374,24.96690709,499.5389991,,0.611542972
47493596.78,13454.88949,0.011711879,29.85108352,8553.241336,48.25240789,258.3599534,,0.06935769
35394520.47,5064.446657,0.010379195,20.05837502,8644.734653,33.16233898,478.7899456,,0.476503155
52980799.9,19028.91001,0.010522935,27.5481922,7781.262864,57.0319004,293.9333786,,0.095642317
41946943.53,5544.614249,0.008803119,21.31934015,6410.389933,48.78729945,284.5645915,,0.089082396
44871393.54,18937.7781,0.010383974,27.98095475,6332.271348,72.66610844,345.0719906,,0.145918661
30479150.96,13676.74002,0.011440747,23.65401697,7309.029046,31.80117832,281.1370301,,0.095002842
59327849.47,6158.668347,0.010398243,23.32590523,7912.401156,33.11828274,425.9739006,,0.310472475
35969179.52,12458.7838,0.009860826,24.8904486,5245.888117,46.39800167,463.6139913,,0.397159311
48800129.22,8909.953278,0.010421597,26.80389765,6664.551656,65.53699026,215.0818131,,0.047408925
33541226.39,16306.84465,0.008945485,26.27369791,8645.027681,35.78832551,229.7347945,,0.055801037
51260246.44,10221.00015,0.00864423,22.60068796,8997.453232,34.59518796,379.6098707,,0.250158154
39639467.23,7593.550611,0.009207132,27.85231278,7503.10411,58.27280714,410.7435517,,0.275154199
43742518.29,9239.947144,0.011089263,23.44013411,4947.401798,31.63437512,495.51555,,0.603487733
31437648.82,11414.55595,0.008388238,24.95811502,8432.740399,66.47373611,286.4426717,,0.087734777
55217275.77,14719.39696,0.011024812,29.31451113,8083.513202,44.50742209,251.8556664,,0.06464814
38150321.47,6330.236968,0.010792211,27.08862387,7581.396124,65.05739236,429.1272863,,0.306982918
47127413.13,13261.59145,0.011874659,27.41551481,8187.209492,66.31475818,282.5346734,,0.084724695
34807504.91,11517.62405,0.008719864,23.7131333,7001.783598,78.24621053,415.0030914,,0.249476761
54013410.11,10288.55556,0.011590619,21.87581677,8339.977113,75.66781881,346.3198955,,0.153967021
40790948.3,17689.38032,0.008382731,20.49494159,7100.662635,40.04715211,459.377304,,0.400051741
46043174.22,12961.8588,0.010636194,22.96525247,6159.390685,32.76365022,414.0093449,,0.297101627
30870344.49,5802.109326,0.011460736,27.13493975,6077.70144,47.85279578,325.0493927,,0.140685559
58538370.55,12405.17239,0.011423608,22.50355393,8043.159233,77.3300722,325.3945631,,0.121873161
36885954.77,5283.97437,0.009849504,25.86417614,8937.045843,32.22875164,443.1390571,,0.376125895
49535037.93,6507.826573,0.010669865,21.62245645,6842.622845,24.81444833,426.807445,,0.334451894
33030773.14,14513.86613,0.010540128,24.46398135,6935.514388,25.08664915,319.4111824,,0.164200134
52537332.83,5549.662332,0.011383493,22.97316658,6466.187063,32.29388163,308.3552877,,0.12771609
40181700.4,10448.1226,0.010517017,25.363391,8188.237093,72.50169813,399.1439564,,0.230105618
42905133.43,11345.33482,0.009668471,28.99516899,6850.649135,77.42337849,315.1898762,,0.115867543
32451736.89,7045.645694,0.00965244,23.03616951,4430.357189,45.06657427,382.9393696,,0.214142281
56802938.92,5856.825126,0.008252978,23.41376178,6988.857607,39.85002542,342.0658981,,0.160843648
37637139.8,9580.439276,0.008198627,28.13426734,4103.736999,57.67626505,255.6272127,,0.042075192
47936932.19,5350.118279,0.010922988,24.6820936,4305.293839,25.22413318,458.9350524,,0.528611453
35066022.15,13610.91307,0.01123205,25.41291178,4220.853614,40.37027211,201.0220156,,0.044745937
53449889.66,17436.08837,0.011427746,24.08609339,4493.399276,30.29887248,350.9004806,,0.194754611
42262877.59,7991.269797,0.011188955,26.04336961,6665.88913,74.33770121,466.4412799,,0.348258794
44777445.89,10060.95568,0.010844575,26.44257044,5884.061949,66.42139472,456.4193952,,0.316738161
30117177.21,8779.638834,0.011470766,20.91413063,6503.066847,68.70540335,455.3821415,,0.3621998
59410341.59,13637.84271,0.009079087,25.73412005,7527.636055,58.07615249,227.807772,,0.051454663
36352274.08,5593.302209,0.011629754,22.68602217,6643.569008,43.14817617,410.6486613,,0.274958825
49222258.93,10870.23831,0.009979885,27.48391849,6640.802163,59.10147847,499.432334,,0.449110589
34019188.52,12880.44356,0.008282979,27.82145846,8898.37776,43.89976362,416.0436465,,0.301033655
50651575.58,8147.758043,0.008674754,20.33202282,8191.491554,65.89409526,206.5456789,,0.046029227
39054929.72,15599.40536,0.010268718,20.58279803,8054.418633,32.83384391,318.0472824,,0.141482262
44141893.57,15197.75348,0.009420675,23.82329309,6657.631491,28.3802953,405.2241712,,0.28209338
31895509.51,18081.23021,0.009015506,26.94200642,6928.837775,70.45004063,409.3040804,,0.256354361
55933676.39,6461.05975,0.010704268,23.85424574,4670.321501,43.82913393,310.9932865,,0.123032868
38534219.59,8849.446831,0.01179279,21.09091671,6388.006772,25.20518709,364.8230076,,0.216130581
46437176.11,13529.26907,0.00964965,26.18173072,5541.846356,48.95946735,278.4493471,,0.09283394
34448653.53,13763.40802,0.011801932,25.09860375,7857.19501,65.34488643,265.3026947,,0.073125921
54860777.56,6648.620512,0.011787092,25.80389623,7022.389095,55.21722742,404.2183345,,0.251961977
41249966.18,5743.303362,0.011274085,21.45404811,6807.857121,36.48585075,280.2101144,,0.089403939
45453383.45,7378.583907,0.011065635,27.78101909,7082.19609,33.89968065,430.1721473,,0.349052077
31084283.69,5710.451136,0.009048158,25.82783517,8745.104138,67.05608438,329.0940926,,0.135139328
57934640.3,10395.08106,0.008099425,26.15709114,6886.925843,68.14155972,476.276094,,0.337308531
36826977.31,9959.025071,0.008726115,23.48721761,6730.013295,28.70516793,261.0935244,,0.077832006
50177734.99,5129.225717,0.008697193,24.21171491,7496.324725,45.68911734,332.923332,,0.150540092
33149489.07,12737.02331,0.008743615,27.50710453,5035.139373,76.81543673,367.860227,,0.123110534
52085016.73,8063.10618,0.008353766,20.01644819,4481.678494,39.74783518,259.7071309,,0.075919425
40411739.36,6230.518785,0.010466095,24.15844199,8283.375297,31.97880822,407.4249939,,0.279694401
42883300.49,12335.36982,0.010450749,24.8594071,6588.884431,43.47241239,248.0335004,,0.063961214
32184335.59,7702.534999,0.009026828,23.53918055,5698.617603,54.64013352,384.07135,,0.21812395
56926070.64,9438.326857,0.010456473,28.94741499,5166.083061,62.0519046,373.3030632,,0.166622011
37962757.18,6605.132897,0.011040616,26.10527438,5945.956299,65.22460375,277.2812559,,0.08614405
47574630.24,8597.809185,0.008844982,27.72296613,7380.285714,76.6164546,263.4889011,,0.071852473
35511160.17,15245.8468,0.010359315,22.72593361,6427.886027,36.84624404,494.7625998,,0.562286799
52902598.6,15650.77671,0.009455197,21.67046789,5167.812726,39.42466493,256.4144128,,0.067769752
41725046.08,14038.15657,0.010509029,20.87606932,6407.165373,75.05994921,370.7008811,,0.171399324
45126405.8,7472.331954,0.010400427,28.36550503,5707.268101,37.99226097,252.0235115,,0.069772351
30508656.48,10891.03636,0.010791333,26.08373844,6254.130694,65.69230656,400.5177609,,0.246637648
58831320.27,7445.499881,0.010202879,27.31837798,7234.809086,61.64130244,367.1263657,,0.184739487
35790617.04,12246.38715,0.011997979,28.76253913,7824.631564,25.86439565,314.078611,,0.154166853
48525050.68,8751.019087,0.008284322,22.00410866,6274.542016,60.29634584,365.7707568,,0.17440269
33731844.82,8666.176158,0.008963945,27.30417143,8020.024427,76.05610955,292.506781,,0.092647218
51308818.28,13116.38961,0.009119816,25.18177631,4739.427495,68.49725737,339.907412,,0.109651609
39503976.89,17374.02403,0.008366422,22.9959726,8631.330694,38.70610609,448.8611931,,0.364754586
43507375.61,13562.52512,0.008043622,26.82540406,8981.849167,31.90262723,298.7647187,,0.113422231
31608810.97,7765.434337,0.011494395,25.32321228,4886.769188,66.20365613,464.443503,,0.307757336
55493138.95,9614.612065,0.011010075,29.53434278,8708.509949,66.14402429,345.2383113,,0.155520806
38400292.49,5869.924225,0.011439672,24.50387312,6135.877541,31.3823733,253.4804757,,0.070837234
46979049.57,16444.55563,0.011538899,23.26832689,7665.562386,35.89338537,209.5419188,,0.049074557
34611301.58,11381.30494,0.010607141,27.59495111,5985.537235,54.01432745,264.2500798,,0.078964838
54284002.25,10482.56453,0.009703465,26.77329792,4667.485454,50.96751911,497.0317083,,0.287615296
40855985.79,10368.4501,0.008218358,28.86088965,8747.225239,69.65371013,372.3954006,,0.191233037
45997640.63,11510.22503,0.011096155,25.54161089,7526.219217,66.60712631,303.9692237,,0.101655713
30809071.99,15825.37441,0.011309024,29.45582759,8919.540823,22.13770565,346.2840405,,0.188380798
58238541,5291.692789,0.009139267,24.67717145,8049.39503,43.58853301,409.1962038,,0.264897917
37083698.25,12387.08243,0.011588617,26.31659741,8932.908056,58.45421994,226.924766,,0.055294317
49698278.72,19901.2771,0.010568645,24.26739842,4000.871896,45.13943203,453.0317164,,0.263254257
32752743.03,5636.363105,0.009891247,22.95929992,8111.210651,56.71685139,314.8641483,,0.123539263
52192034.95,7398.507825,0.009698484,26.63246231,7758.823032,72.89578796,464.9879639,,0.354768585
39952571.2,8463.100951,0.01045048,29.20349261,7522.89379,76.26488746,426.7714471,,0.285581596
43124560.1,9917.468682,0.009360007,25.17932647,8762.825647,73.68673951,211.896411,,0.046872248
32572247.24,13282.64863,0.011145381,23.61166489,8491.001516,54.94193133,269.8223226,,0.077059867
56244688.64,15411.76755,0.011182345,24.33126057,8320.499887,71.95334636,348.6608496,,0.156969996
37427758.55,6045.068868,0.010883705,22.10613999,7661.563445,47.42643621,370.0632242,,0.204349348
48193858.98,5997.732659,0.011146833,24.95216716,5836.334981,45.44839495,384.3908247,,0.228388946
35259868.48,11206.44183,0.010948143,25.13795571,5775.702343,30.36336748,276.6968859,,0.095029141
53553690.62,12504.4161,0.008817977,20.72718788,8241.969119,64.72924725,217.0438734,,0.050975915
42135310,10233.33051,0.008367956,26.37464953,7990.210767,45.96818732,468.0540645,,0.441419951
44498202.86,16282.36819,0.008034504,22.5476784,8340.948287,24.64809977,317.9506787,,0.153822202
30271324.86,10831.61973,0.011560756,24.59829213,8414.633231,72.4696226,408.0090957,,0.254757486
59989041.04,16252.75515,0.008366101,21.73002459,4873.367317,75.95316258,432.4673124,,0.176357928
36216189.94,11862.59565,0.009136817,23.32269815,6277.94491,56.83115442,223.8024717,,0.051998029
49002449.88,8306.718961,0.010580882,25.23737862,7809.180168,31.20451019,491.0749722,,0.536563452
