kz_1,cz_1,kz_2,cz_2,m_frame,m_carboday,v0
17906660.12082309,32485.962375144252,161662.22330905864,1397.7593226554498,1250.7473889738321,38543.38617064059,268.29390861094
8326025.638097999,78145.0621573764,78739.8142668273,571.1635176087999,1094.5386366918683,24801.801946014166,406.54457956552505
11507068.553527283,38350.62171950857,230069.05669242688,1879.4712560963721,974.4437389075756,32851.648423820734,375.7749695330858
12953195.858851066,63857.54291551408,113078.99042592983,778.4723420903896,1409.518594108522,45715.24237282574,549.9755173921585
17100815.126952745,49119.59906781391,94368.79473009474,843.6405217725692,1452.8739251196384,41743.75206232071,304.68830168247223
10949478.36466074,58999.975922869104,193754.12370202332,1459.8698469630956,1006.079082749784,21793.927354738116,569.5626277476549
7983401.23315353,25531.727439555514,132628.08701907995,626.9628931645489,1128.5279799252748,28685.400625690818,238.74280601739883
23460268.951225687,84908.82385791824,269815.34637736616,1070.333207772486,1291.7667450383306,49630.40489703417,486.4172611385584
20715103.115564615,40148.2836855758,142288.61050208204,1542.980526939823,1081.2866885215044,43261.175993829966,328.4403182566166
7195773.538968156,66736.39265750069,280264.4462925873,943.8378529659758,1228.1197937205434,33210.957841947675,596.4274611324072
9854740.188816084,31069.599805731144,100165.59252553426,1146.6384607123266,1366.9611878693104,26317.453244701028,215.57674035429955
15130874.10440581,74663.74333269834,194797.05222509592,691.9645885970548,903.7595411762595,35372.49183282256,460.1383786648512
14644997.842275305,29033.767284748996,233814.17505272123,537.5030536313885,1019.7802864015102,46459.439089521766,291.44780449569225
12790058.672120243,96655.42560280801,118738.31324933704,1242.678517287404,1475.9494816884398,30201.06617361307,432.8356586396694
9235331.463357449,43145.55139824699,166108.53853495742,722.7130219884195,1334.7562406212091,22153.308242559433,352.0351495593786
20275181.53052251,51910.93679794822,85397.85542473107,1693.6479311179728,1199.640684016049,39289.67143408954,523.0985142290592
19468332.66495919,44853.14536997489,288692.625403957,612.5378557583904,1388.468423858285,30988.304438069463,413.2272828370333
8879538.290862096,52737.63420229818,148209.404075013,1001.2034811033676,953.4667359665036,47539.6460480988,262.4156415462494
12280628.311227875,27960.255787734637,207346.884513801,898.2639172841032,1111.0478304326534,40428.245048969984,530.838555470109
14080278.732882041,94991.17558536587,105436.54019132887,1488.2399292424416,1267.1832656487823,22881.72566331923,394.10141557455063
15739464.53945201,30893.25896113605,125707.80708716273,1917.170180473183,1308.2120306789875,34349.53134506941,551.1859878897667
10261653.514663149,72747.58047681271,244784.31362159667,829.3855181349043,1145.0464328750968,43989.593302831054,323.87262023985386
7485475.266983545,40327.81314600959,87488.34846414962,1306.6242361268783,985.0928921252489,36159.729985520244,492.2481834888458
21571245.626508567,68595.48233290673,172091.1016661768,557.6569135709069,1431.8144174292684,27397.660091519356,232.1103323251009
22526252.67181839,26800.674272115084,76417.01342656705,741.385065657073,920.1270092278719,20647.342931479216,578.0381970107555
7675699.07092725,91203.92332559124,155252.84518367713,1814.0202641065791,1383.2553388550878,41007.32394494116,347.5876461714506
10513163.954905609,46740.571432072225,106268.23072547147,505.2606926503943,1206.9184519350529,48835.6136996299,465.98190143704414
16441098.75132886,55013.82406409521,218498.75591996196,1219.6476314035524,1060.158514045179,27597.640622407198,208.9812334626913
13474441.779839156,35392.34325017474,183078.3166545361,1126.1725291249368,1178.5035364329815,24007.01063685119,439.48137126863
11982430.281942857,60140.676961307734,90106.9584003057,650.9113728155123,1313.5457759723067,37455.62605559826,285.55691316723824
8661389.1340313,35244.598914596514,263272.85334152955,1651.4201738473478,1492.2526840120554,44568.65783780813,503.9985191076994
18647076.730019946,82852.04004192042,128063.79321269986,967.5068773360301,1036.1566560342908,32115.22019468248,370.37419602274895
18348079.143185873,37171.68802426915,97459.06247910718,546.5265069918714,1281.0820620507002,28301.36607401073,534.046145901084
8761260.387452869,63250.14518287002,200342.29856056234,1333.620516255862,1134.9464753642678,48133.94606113434,391.10783115029335
11570544.047066282,33510.52826508888,140140.74071364998,810.6650314977813,996.0717469453812,41240.641959011555,421.88492827117443
13888610.626860872,78882.76980924142,284752.584039663,1962.1612346634379,1458.651408366859,20412.88240812719,252.3721180856228
16562342.029047363,25776.97737231411,170729.33217046276,1518.468360771602,1417.6227942109108,31411.953177303076,496.0905395448208
10485367.153691469,87602.02307563178,83030.33151443339,880.034119110233,962.0732976123691,45270.78212238848,229.65385727584362
7879158.346642972,48660.35959372215,237406.9302202315,1024.3567597663807,1103.3201839774847,37222.76692278683,560.4783989489079
22048049.38368414,57196.240065018246,116862.26820996229,598.5116485250841,1237.7359354868531,24241.92825332284,314.36620615422726
21425951.794164214,32141.742858677884,226127.4959719717,987.5370348655263,1186.8891533464193,23583.790995180607,469.2196264863014
7500899.805165066,75585.51844774808,114972.19418341469,1618.5172951453308,1342.399244941771,39725.033631548285,205.92012740671635
10002562.375253223,38815.33044552731,157393.46499567575,666.1629605509501,1462.5203177332878,47774.622393772006,586.7633610963821
16071370.79455025,65933.85664577658,80820.64199655097,1100.707884054201,1028.0640168115497,30755.389481782913,337.51398511230946
14318160.153494392,42619.26952855853,134934.4366597828,1194.9473792149229,909.7191274166107,26696.0518527776,507.7733535319567
12133490.080674108,50179.22965275751,265383.1627691595,515.5485824684645,1355.8931289240718,36863.40028420091,367.947855591774
9201048.622967297,29387.081447937155,96923.9550848985,1772.395301982957,1233.4017466753721,43755.073603242636,448.74364472925663
18876650.192768533,99974.40372784625,188774.0301971245,758.4966307304195,1070.8593556657434,34582.90473558009,276.1180177330971
19566780.234886874,27698.846065649657,109224.24551516044,1048.6181764221706,1442.2062646597624,35607.18140564859,384.426511451602
9524819.520611418,92087.11612024611,212441.49666392803,639.705067808084,979.5534381642938,26084.36416834593,539.9258904159069
12577552.412449619,45283.99465138731,77591.32930574415,1426.4541081589955,1155.9325218200684,33912.39620745182,271.50760255753994
14822539.022662705,54410.39996422925,152799.6724056413,863.1625143733409,1302.14142780751,42557.221380993724,403.5570986568928
15522785.658646137,41599.69758711644,256159.41168645804,794.5680331359658,1258.7862476706505,39054.52521517873,248.029113560915
9651185.255836762,69243.045440698,131709.1859408163,1841.975756464527,1124.2973310872912,22385.938884690404,476.9047435373068
7244595.585592819,29943.569042169962,180314.48400181465,584.5742726245636,945.5639597028494,29499.170714989305,308.5367612540722
20672526.16241672,72055.62877907351,91550.04629869154,1366.2188382671745,1401.1867756024003,47162.93482109904,567.1122562140226
22854542.41481227,47309.36497573923,210952.83992778903,1728.1493962704185,1049.2013063281775,45947.92805612087,224.30800795555115
8156564.915599184,56902.89778183145,103704.42613654537,708.0869805925213,1483.7309265509248,32616.44291691482,450.07082112133503
10869309.534354713,26473.76653478991,296508.9708871849,1271.3686871459738,1326.095898449421,25505.242412909865,331.67193979024887
17146092.977270808,88161.42643394612,144400.14251785554,525.1756990844578,1170.5126417800784,37841.5497764945,593.3602515608072
13414284.197407367,34074.448884643796,85989.37724142658,678.1859206182005,1054.4920295476913,49397.26033248007,361.3035265356302
11163882.210020762,81855.71267471398,174972.53864903483,1170.3847213900158,1217.1077398583293,28920.14903947711,513.6657223105431
8461733.273442736,36613.65157675059,122388.60380625408,922.5094204820988,1377.0943265408278,21090.028453618288,295.21653540432453
17702561.56448132,60883.15989298682,251252.80398790198,1579.1488828343254,930.8471599593759,42445.13181038201,430.40321469306946
17560733.828583017,48322.68656038405,119760.79816286628,720.903487191499,1142.9231716319919,46630.14551624656,490.0006301701069
8468325.648333194,58061.19790473105,235455.27823186977,1745.2009979117902,1277.376128733158,30076.021561399102,234.5501359552145
11288063.108935762,25952.760300046968,84150.94326177082,530.0004526464601,1457.2309339419007,21951.931761577725,553.6257438361645
13178421.607612407,86281.65747247596,163955.8522055422,1293.5176318538167,1001.7174985259771,39503.064546734095,321.62511460483074
17459221.053490672,33370.32706627129,277843.00073990825,1181.9151489895278,960.7162216678262,43031.53227083385,526.8360983580351
10753587.149056429,80301.28334848986,141311.40461866182,690.4514850605019,1423.2598464936018,33394.25265789032,397.9116015136242
8148343.896094195,37334.243069649056,197687.08446151396,1606.613770764813,1245.722529105842,26459.66399461031,417.03751645982265
23033835.304762617,62142.82847061476,101478.86175567519,930.9594126643394,1099.549761414528,35217.12048910558,258.41313675045967
20319118.586599756,29503.20264617304,192429.84527706457,642.5303720186105,1348.4808264300227,41970.83522565663,500.19138492643833
7320202.998235771,98249.36768811321,93550.37578244467,1061.8430459216104,1185.902363061905,21608.157698065042,374.37970489263535
9663496.4452351,42459.024364626326,273343.8853707444,873.448387869112,1024.803359247744,28544.834908097982,443.48692782223225
15387958.352444114,51068.724132673466,134600.23084033318,1431.77993159038,1470.9401439875364,49787.335554137826,281.74973130226135
14946782.146557907,39070.22994916895,79293.63697660831,1865.1534367973602,1352.5676423683763,38374.32477623224,463.53904604911804
12556798.995113658,64967.744001297506,163051.97461558142,798.0555724432422,918.1485112756491,24928.405871614814,211.22573502361774
9428433.299845668,31926.88058135087,111611.92918425909,1371.298747550874,1076.9324703142047,33050.464345142245,580.2826508879662
19911308.90509488,76696.28279196912,226713.07959703286,591.532211925907,1232.4785873293877,45499.37441945076,345.14483846724033
19141050.680712808,30072.313221618653,90821.39369931235,1638.9447521823467,980.6625707075,23840.87475016713,241.18562564253807
9054391.322072709,70788.9489298148,184738.0810275751,991.9077542198787,1436.2493142485619,37579.762460663915,484.1728191822767
12070602.501764672,41428.754297714804,126450.42958472297,1104.8306554383842,1293.8900107517838,44763.632947579026,302.44381204247475
14353290.505506292,70493.46594667232,259685.12371303144,674.1093173709386,1159.3638774007559,31904.566567391157,572.00549505651
16025998.581800623,45597.181114339495,154015.70053995418,517.8176087718163,1115.9993777051568,20872.4161144346,379.58216331899166
10050889.429398535,53595.43711708936,75738.24045721036,1209.9978763296617,1262.2454535216093,40824.93733614683,545.9699727594852
7624005.123648912,27504.037586874554,221290.59702764204,767.5318050243131,1402.2691128775477,48699.804320931435,264.28841166198254
21134453.68589793,93470.86442727625,107734.41244604909,1779.0019489165359,939.6523118019104,27750.272480770946,410.3517256677151
22143193.705405366,36371.60606667351,242618.06579801455,1346.7953513744626,1487.302782945335,34123.35672415793,356.0376424342394
7825227.910430729,61782.49125357847,124701.98110430047,556.4253652677321,1041.0928219556808,44170.792531222105,519.2882686853409
10337401.967176951,34295.69290401836,174459.6934943662,1996.363206323762,1164.7056380286813,36297.55632951856,287.63760663568974
16766273.7227602,80650.396359091,88609.15472265596,818.1201359308086,1327.3574095219374,27247.13114090264,436.83810383081436
13724596.246923672,26371.729866255428,149555.2410018221,895.958579362817,1211.345841921866,31156.457290053368,217.8242340683937
11740364.863330092,89715.74030191291,290977.38113644195,1533.442255143005,1055.7265486568213,47417.61255078018,457.69861079752445
8819616.210796468,47500.849850657825,103998.20999015993,604.0010822892325,934.4472421333194,40232.168501242995,326.00050270557404
18265046.510693673,55926.42052092188,204737.69168979602,1042.184998254295,1368.9396813511848,23091.19191020727,598.6750025302172
18661175.64665759,25091.175466761822,269024.6944393574,1815.8277599397727,1088.9198234304786,27011.23982667923,312.3469576239586
8591878.143045891,85244.30600265875,136668.6827107299,752.2413894273127,1252.1225608885288,36531.389160081744,563.1098095327616
11771473.495499762,49990.327593686285,187095.3036650315,1238.3460892500107,1413.270920701325,43467.80910156667,244.0266191959381
13624136.202840539,58778.15862848808,96152.6079255141,506.11029769470633,966.4389062672853,34827.482886612415,480.714987590909
16266279.08164338,37788.6662843032,113399.40640632842,660.459098583857,1009.8032550886273,23326.624343171716,273.9474166184664
10705404.875017812,64276.87437984976,223290.5538282716,1127.3235739738548,1444.9153248220682,39997.87857756019,401.3095557689667
7736021.098195034,32963.36882860744,81550.77903281535,969.1496535824986,1286.1028974875808,48120.13754621148,382.1790162473917
22504065.037886053,77622.70229733949,158646.40223742343,1676.768285204565,1129.9302153289318,30451.874481514096,542.3656567931175
21796871.912168358,43798.01212280878,81988.1186621144,1021.3813121384347,1219.6720277890563,31670.33581994474,297.46102653443813
7357608.470670604,51550.68851718395,168394.9249011852,616.4819180887023,1084.5936499536037,44999.010004103184,427.9603488743305
10172756.714364083,28596.171209745477,117793.34538220073,1498.8258384750911,904.7012256458402,36875.120252370834,358.8607084006071
15759758.990303388,97314.58579852043,239550.1043764729,916.9870184174837,1360.9064552932978,24543.454898521304,515.9101657569408
14056851.923117822,31628.29932261472,202911.0515972884,834.7398053225534,1476.9178899005055,27984.046582132578,335.67743822932243
12383280.580612505,74351.34226550975,98799.38598418499,1955.8425200617642,1013.6801797896624,48463.96883018315,589.5531069487333
9035763.15033314,39445.422279618324,282495.0661631214,569.2943268432867,1191.2393828853965,41529.12245132029,220.50081565976143
19270880.591229048,67028.26045582238,138890.2854116595,1315.9525029996669,1338.0352802574635,20169.377084821463,454.0763672441244
19952286.516987547,40923.52520713459,177253.45109135652,949.9264116730616,949.9891480430961,49082.98056572676,556.4728409051895
9364903.58440192,68142.03510545571,87271.59949888833,1574.0958164221954,1396.7478521168232,29247.58962355554,318.173386529088
12821616.493608885,30438.34852921579,249524.66401196877,706.3941881771602,1273.1134386733174,21374.55346994102,499.89767223596573
14569427.912033882,73219.90507758543,121332.44413408695,1154.8052204282603,1109.9838752299547,42206.95503056049,225.6483469158411
15203629.460495947,28453.213870640837,102355.03914590352,1267.7570179085221,1150.9850012138486,46204.18650098145,419.6404729038477
9826783.249500142,94625.0843710436,207883.69612793034,540.9780279417084,1307.084373012185,32348.16851094365,254.81492429971695
7097712.786335538,44083.43329831174,145409.07649809722,1705.7595205481189,1428.401586972177,25162.46674582362,536.4889997988939
21054790.948099736,52951.07156376916,299071.7165203053,737.8036650540375,993.3626912534237,38138.66340555251,388.8633280992508
23299369.69131145,34625.038104795225,129792.10941572052,579.5325935031401,1382.0390587672591,38800.71300081909,446.30389027297497
8017668.110383897,83208.29681620019,252827.9881212043,1399.1649887797703,925.9070031344891,22656.802460551262,278.3655248582363
11084146.363651449,36031.46056328786,92341.93856391183,779.7906278465579,1068.295063264668,29840.41567891836,510.02090834081173
16859108.493639994,59893.52555849702,181573.16406471934,1908.3081780427879,1203.300130739808,46864.1475494951,365.5080534517765
13143611.822009472,46040.50411031411,215602.7647360108,1461.3793323303235,1321.6724993661046,35919.93046924472,582.9531289637089
11371335.205547584,55394.31984104027,110651.4463519497,856.0254220600465,1174.9497760087252,25755.24994172156,341.5164913982153
8288537.363355599,27203.386470283243,151485.70131207161,1086.7720986082788,1034.8770489916205,33630.317421630025,473.22208508849144
18026178.88215515,90562.4458823662,77055.31104527932,628.0332491051826,1498.0414487421513,42797.98733070493,202.1099429577589
18092638.751279682,38759.64073394669,220093.27609746603,1143.522618752303,1000.72619933635,20264.980541542172,508.91024582087994
8241211.9279708825,65838.91188024136,108320.4539848055,697.599048518595,1454.0018308907747,41155.9141613543,365.95991775393486
11409879.138226377,32357.396564788545,154860.05284711573,1555.5522983703142,1276.430176757276,48339.527156203985,447.60981760919094
13064694.355212923,76092.25595087826,75325.26674050186,941.2784037668013,1139.5940758287907,28328.41486670077,278.1090207397938
16956078.84771343,29112.446497878398,127135.93149201441,728.6171527258123,1098.5924726352096,24448.342509567738,470.35363391041756
11043532.69610788,99039.57452236311,258284.8575398734,1689.0905323414793,1242.4587719142437,37248.81066940725,203.92897091805935
8066173.326992357,42796.44986905728,90335.48567965286,536.0540522958578,1422.3479049280286,45123.8779257983,585.6263153254986
23220875.770886514,50387.57111660966,185731.70469333947,1252.8234398865543,957.3524717241526,31326.39914751053,339.502103254199
20928420.131797336,33832.55508155598,104566.4196360078,1884.5518855479565,1467.245732434094,30547.187086194754,494.0747618675232
7121787.077057995,79640.3920871723,203625.09656112234,772.1685873511245,1023.3434591442347,47746.761897578835,230.76286800205708
9770652.034349477,37024.25393390833,148736.2194716101,1386.4330131997074,1182.1617459878325,39873.72596748173,562.4911114573479
15259647.41545211,62998.94390921438,292579.5501284435,572.7046486433269,1347.122349590063,23671.161774545908,313.2541302591562
14520310.679532256,48722.288842155955,173523.09809910879,621.8958413063718,1228.7495931610465,34732.65196196735,532.0332054048777
12899154.509613039,57268.72845631321,89087.39179388559,1073.2434505695005,1075.5066521465778,43841.675370931625,392.2201082110405
9330610.524573063,25600.984094339496,243917.19856725694,845.9391213994855,914.373311586678,36655.973829329014,423.90090711414814
20067093.598880265,87003.4555347237,124037.76726111081,1448.0784731107015,1351.2432474642992,26667.129090055823,251.26287937164307
19290825.58332794,26583.82545932815,198758.4946829761,501.16909366595814,1160.6579454615712,42702.41701044142,360.069003328681
8960436.462051278,88527.46793688762,100931.80111665135,1222.9449264096147,1297.4208790808916,34003.54979559779,515.5559815466404
12399712.791891012,46867.23855667165,276356.8781147956,743.3851942772305,1437.4788662418723,25879.66026738286,296.44799642264843
13943732.89025025,56370.816681674194,142071.27251919592,1799.3213777419926,984.2765517532825,35575.536312535405,428.5098932683468
15892390.184635272,36859.30937108637,83695.74690579498,1655.9110970390907,940.911797247827,46959.29296314716,223.07632192969322
10162331.973647125,61291.33041374836,164847.51180679718,959.6873548233127,1405.834063142538,29466.749457642436,451.96434669196606
7417365.199486326,34025.561081580585,120417.19334821559,1117.0769027299737,1263.440422900021,22531.903302296996,332.90666714310646
21768185.672338266,81737.84043360752,234171.72235614032,652.6847037450887,1119.647440686822,39144.623689353466,591.4697673171759
22323021.213923812,44974.8164826916,111012.88500510535,905.5779955802042,1330.750341899693,38043.37488487363,249.94725733995438
7746304.613531979,54038.624311533466,227936.3955453798,1484.1964579225191,1165.8630553632975,25535.875530913472,475.6980512291193
10616135.211527873,27734.09793665208,79718.11790836739,610.8766631190819,1044.5494120940566,32472.295248880982,306.62167966365814
16283077.560583223,92203.82391255836,162183.69945618577,1009.361432958889,1488.378518074751,45859.617721289396,568.3220107108355
13606175.109780097,29824.8038448239,274836.9619741899,1303.1086071121506,1372.3666241392493,42301.81015096605,386.34177036583424
11867051.750230221,71769.45606482854,133868.95315999538,562.212408700151,935.5700053274632,21000.720225274563,538.7159794569016
8583093.458140023,41999.45906130146,191376.28846677925,1932.8219866531597,1059.2171492055058,29122.97897040844,269.589302316308
18818268.512163352,69908.08387614501,94065.35822928784,827.1493265321044,1212.3869229108095,49427.06006579101,404.76396828889847
18160718.65361571,31368.00401686143,146194.25680332503,667.9742963726136,969.7938585653901,45624.184450134635,293.4357214719057
8852111.239551663,75381.24280287727,297465.3511474277,1091.812038381692,1414.1727771610022,32706.58601075411,431.6987872123718
11669901.308798691,39988.83215193567,101809.5821797612,979.5606644332687,1255.3946865722537,24833.349585533142,350.0441674143076
13771146.369275624,66471.69726143574,208997.39735444554,1622.927223145862,1089.8864820599556,38747.958643361926,524.2323204874992
16704880.80434825,43200.23347230083,248169.3396988579,1758.0432511752656,1133.251085691154,49662.95043006539,330.43150156736374
10396883.101002958,51977.0015267847,121995.04031112148,760.5469925096598,1287.0393365621567,28889.147089794278,595.2934268862009
7798848.483865639,28835.38573580652,178228.961221056,1198.171585993836,1448.1533685699105,21703.70281673968,213.58859539031982
22277101.045615204,95995.5058268084,86793.89890118576,511.371020726282,1010.804496333003,41597.68482670188,461.2754512578249
21206086.584157124,38295.396322845816,150669.2619755189,808.4836063127377,1362.240363098681,35341.76304936409,303.5792700946331
7578229.544038004,63765.92541880602,77472.83224631676,1978.1910140332334,908.4846507757902,26115.49491994083,571.5784262865782
10087943.769976364,32703.752576049406,216761.81644892067,550.9882437926981,1086.009526066482,33299.36563037336,239.85490277409554
15934495.930580962,78669.37507673122,110059.73872898103,1330.0252993583545,1223.3920812606812,43405.45509010553,484.4045277684927
14440122.3230007,25292.988743639235,92844.4946295191,1032.69775735645,1339.403842203319,39378.85538674891,267.181658372283
12029938.794831982,84115.3131938697,180590.263250045,596.8853012268479,1194.9887976050377,22296.525295823812,408.5574932396412
9106468.808204625,49323.54214870159,129084.05417187445,1514.350737385744,1015.1307100430131,30171.392504125834,376.8841814249754
19070917.583488896,59245.25380349602,254214.7333214019,887.2043621465173,1480.6039329618216,46256.71197660267,547.959565371275
19745269.99396711,46421.20306116092,81107.92864451566,1281.7545280977101,1106.3270146027207,22966.3488548249,437.59108521044254
9438171.228433322,54638.21441541952,159512.55442906162,523.7626239116046,1271.9083841890097,40576.02263987064,286.7914631962776
12455778.082159856,26834.641075360072,114023.35217475519,1723.4898659254022,1393.1912703439593,47512.700073421,505.8918673545122
14966652.558584087,91319.99448197935,222068.62414053702,713.8678354688577,948.7390324473381,30782.849406823516,369.1427081823349
15372222.321452279,35104.622685638,188105.33802064278,920.0030383557469,989.7404847666621,27371.483128517866,576.1446923017502
9744846.40684214,82523.42543330295,95636.2874367234,1592.0069577225956,1427.1625220775604,35953.22006382048,348.81931133568287
7310551.251208485,35732.26472755646,267591.3883353615,683.7118430127551,1303.5624453797936,44075.27876086533,467.87236481904984
20484101.48774564,60718.61347948714,137400.6733293137,1167.210693348786,1149.7008752077818,34496.5329952538,207.7465269714594
23064404.594255596,28076.345919087005,284032.1324271405,1414.9252384726406,1202.2685626521707,27625.60572475195,552.392653375864
8082771.247515387,95386.07802153462,138138.6277825794,865.5098520796909,1064.8126881569624,49043.94037090242,321.9545032829046
10764718.836924896,44433.73851790341,201804.37041713577,1051.4750450077236,924.7742978855968,40919.850347563624,491.03845581412315
17313670.299220406,52244.77759170337,99341.15803072136,634.5384036836346,1378.6031752824783,20498.52453172207,234.0253870934248
13285455.96614699,40598.17615467499,117158.64112725001,586.1546281798308,1496.9757987186313,32028.751643374562,414.4372146576643
11273205.99837839,69055.72251448195,240847.77202517333,1355.1552457967923,1031.4292564988136,44419.006276875734,260.50036177039146
8539595.030702569,30848.772264341027,82428.77092216501,788.1297252742553,1173.7829888239503,37484.417390078306,529.6316649764776
17542736.218696482,72643.20829287711,167494.66160400325,1846.9449929429786,1318.2711984962225,24214.339638128877,396.0197366774082
17720680.542632353,28637.40886218312,87966.23659910547,871.0798800506698,1408.5455149412155,34912.13480010629,336.9089335203171
8391095.942470398,97454.40729497204,171156.14465271862,1443.4457762031911,971.1594371125102,43615.61541445553,587.6597721129656
11178619.708482897,43506.33895077569,125019.54945227102,647.7623775503499,1093.647239729762,36504.41468693316,219.26627904176712
13306244.877011595,51207.11633616791,246131.80872699167,1058.9577448664677,1247.3994294181466,26805.7562969625,455.9666607528925
17290272.8041054,39817.74559714392,206234.0026190735,1382.493565646474,1290.7550778239965,30425.72601698339,298.69574047625065
10858096.57275609,67660.57721097113,106005.45844021311,589.9375038851981,1125.2829099074006,47913.6561229825,426.0698989033699
8222716.458204813,31497.52321787048,290238.0894552469,1860.1344416845213,1005.1490977406502,40083.53531360626,357.62905664741993
22824202.955514252,74043.5230040461,147420.17382397968,804.5751649544527,1449.565197341144,23473.597271367908,517.8036779165268
20505980.77006502,49514.76796463357,261848.72487443054,531.4304887835124,900.0467643141747,24571.448722854257,272.0323484390974
7254142.294886256,58218.69309768849,128760.25166208533,1283.0359463708176,1365.5560595914721,37083.47564563155,402.51927599310875
9570640.185531441,25191.223539789193,184081.75549474164,715.0658353260563,1224.3239041417837,44911.50790825486,384.09712575376034
15538708.711557114,85583.75713429925,89615.75495392516,1749.9185022777967,1079.946076311171,31521.48892171681,541.1589778959751
14802895.529055776,32921.6450727141,106844.18004236952,1593.637326789555,1195.9670674055815,20082.93703198433,310.4286231100559
12679587.802263357,77524.03931435694,217320.86373791695,933.496029125643,1333.3124527707696,41379.499388858676,564.3166925758123
9514971.365833785,38048.64535594944,76008.27206977474,1185.1288694800014,1472.1927523612976,48492.731442674994,245.94189152121544
19731269.366398826,64718.743526108134,156087.67336022068,684.8713742225245,1018.4010146185756,28191.346861422062,479.5050423592329
18946027.405515783,35882.47834920646,131916.0720987523,1980.1869912188627,1268.4589684009552,42115.92582985759,581.819312274456
9148407.610222286,59645.562572999945,271271.5920047833,820.3273587487834,1114.6334705874324,21229.519778862596,343.507457152009
12174533.080613798,34951.86206335863,94874.10187708553,1350.4364576511277,954.6410154551268,29279.108764603734,474.3589401245117
14232091.85208419,83993.24931066258,192722.10189363148,551.919463480612,1392.1002695336938,49287.52453997731,200.1220155507326
16163698.29756157,27022.225325353163,231326.06355154119,605.6465679003844,1433.1292804330587,38171.237437054515,445.1668072491884
9965842.749303287,89958.87029598813,112464.48664713046,1033.7676294176872,988.6398727074265,25366.241708397865,280.3536534309387
7546191.765031148,46106.89769470796,160776.90596939335,888.7172189784937,1146.2598726153374,32257.915250957012,511.1549261957407
21353523.337155133,55473.91034262375,79173.37181744387,1537.6121708300982,1311.805216781795,46058.09054337442,363.5168597102165
21915466.184075486,30647.75876702451,167009.02458199012,1113.8328500616572,1063.5696664452553,46833.44748802483,421.6532226651907
7905792.682980089,73723.2527785728,84937.37221421473,672.2810675538151,1208.0206705257297,29638.486076146364,253.70283797383308
10425402.616385633,40871.725793521386,232563.24390642138,1634.4917054368439,1386.7664840072393,22745.181750506163,534.4732116907835
16623252.25211349,68055.42260355836,119376.95856034025,999.9842514419342,921.1838806048036,38944.96359862387,389.97237607836723
13841693.740211202,44259.210736868634,99623.63795896615,765.4624231106112,1039.5292203873396,42887.19978183508,558.4888093173504
11640436.49595113,53161.92788962566,195856.69541061347,1793.525840200514,1493.3941343799233,33773.56297336519,317.0641850680113
8729077.876104942,28182.537512132865,143068.66607937063,522.0477054486981,1317.0183330774307,25725.54755024612,497.88476899266243
18453444.264029674,93724.41864265272,278736.2523241992,1206.742344286561,1179.5996395871043,35717.174634337425,226.7606135457754
18491453.428120527,42054.887762902814,179342.90536923314,1502.9097862787357,1461.9517676532269,39648.23145419359,465.4323600232601
8670275.419403637,50582.90633497924,92045.98615479693,909.5805674359207,996.9923621043563,22043.056627735496,209.99426059424877
11885894.184408823,29620.686585160798,257536.15203831508,1013.1266307042162,1138.200343027711,29871.346158906817,578.3923782408237
13492200.412901595,98641.12813898157,131005.04442644301,618.1582001912107,1282.1038143709302,46598.52892160416,346.37935422360897
16424097.765193973,31886.30006525771,78013.50341930619,564.6812150454564,1241.0749543458223,35013.45013268292,502.0818617194891
10601545.303459056,76599.20222240938,151972.73255741724,1319.5031103780582,1104.2016388848424,26427.214238792658,373.1449641287327
7665526.065065381,39338.81800886841,108628.53865090282,836.9961719208889,965.3658248484135,33540.24579748511,441.59338884055614
22709000.96334674,65414.70860699794,213606.44050629484,1940.0047767260542,1418.6053862795234,43121.65946699679,282.9814098775387
21599724.26414416,25990.04859526657,123049.31383483879,1235.0075758878013,1029.4532306492329,49989.13194052875,525.6263572722673
7425185.5401333235,86406.08403151628,249903.61579517057,510.24202640073264,1466.2859877571464,28575.439304113388,399.82669055461884
10272157.658339126,48000.62732086331,85531.24774189598,1830.661942851194,1343.8335198909044,21464.038528501987,418.24421621859074
15608070.955601702,57674.539690559744,175909.69006897745,750.2171226587385,1190.5545445159078,41882.553389295936,256.49500638246536
14194474.430569343,37686.439874744356,294898.8315254252,977.0460326076227,1072.2093377262354,45356.024261564016,488.79377394914627
12264323.547705673,62729.38998309881,145188.52126316988,1672.221487030665,1237.2060047462583,32961.12761832774,236.46844364702702
8954206.427872777,33232.172229809265,212113.53505146148,658.6644815077076,1357.288172096014,25131.264524534345,554.8356622457504
19448245.31807538,79969.25364772523,103136.91234640955,1136.5031018528773,913.4231066331267,38404.15323153138,319.70986910164356
20159232.40751296,34531.458437651665,238698.98890247865,786.1569314570082,1298.539873212576,31756.63597881794,215.83324149250984
9269293.964307925,81205.25436074032,116229.66841304411,1903.1630313972312,1154.709712229669,44678.876427933574,458.83245430886745
12713148.615365487,36325.37610250384,169797.94496996864,577.9733274621855,976.015255227685,37785.372054204345,327.9884569346905
14694500.467981543,61704.28825310221,83485.74407575918,1410.5949610155255,1440.901486761868,23867.952041327953,597.5381206721067
15075295.878371354,47690.001754356155,139385.43981898495,1083.8247232972412,1397.5459892302752,27956.65823854506,354.04953472316265
9911329.941733085,56149.422055021,286295.4929948721,633.1504639787778,944.3797381594777,48725.81956908107,520.4253308475018
7171466.386937385,26120.716531653277,97982.99345111955,1473.278403373977,1120.7199163734913,40678.06186154485,289.62877951562405
20840229.9911119,88862.27266370151,199270.97813779316,853.6996273943896,1257.5200578197837,20786.890806630254,435.70410683751106
23539623.618830133,41257.237166238614,96397.49655969767,700.6888642055058,1169.4264806807041,27038.900023326278,380.6942228227854
7935413.405663486,70201.98960372825,189804.916866934,1157.9513265351397,1322.6322820410132,36269.667111337185,543.9572498202324
10989719.718484618,30356.00379005258,135677.0507109345,952.5096119623237,1482.5799632817507,44319.513365626335,263.17939050495625
17002981.04338998,71457.12052697765,263930.53964121314,1561.3735336113905,1045.8205165341496,34210.756001994014,412.36748695373535
13031408.489381885,27320.729702742123,158243.36517052527,1710.3614705700304,929.7996584326029,23240.91063812375,242.29484796524048
11468172.025380354,92848.39574215176,80386.54381781133,731.8253965191789,1373.5915498808026,40318.7417704612,482.1568299084902
8373856.447330107,45662.69403592919,224922.43787136092,1257.4908567407233,1215.9954361617565,47210.214817896485,301.33152455091476
17840927.579389974,53672.72696079534,115588.13320755963,542.4405633254075,1051.072079502046,31127.56324931979,574.0184191614389
17825491.47474163,45817.38370767503,91874.66766380385,1945.1819134110963,958.2009108737111,36178.94125171006,366.4628095924854
8361703.791376749,53927.236801827734,178707.03099448542,839.0882083333719,1421.367009356618,27123.934347182512,507.88731537759304
11457854.993377095,27339.439250813342,130541.2487742358,1322.0169959719265,1243.8067456707358,34249.75423142314,276.9713155925274
13012048.287264748,93037.37822269682,257055.47529503264,565.6617715506495,1097.0845766365528,44299.93980564177,448.09568636119366
17027692.831938438,30253.36010617109,152256.47590553865,619.4932496916261,1140.4490863904357,40357.768051326275,203.49206440150738
10999236.439111829,71118.78509549469,78290.97015006216,1015.4870343750147,1275.4512749612331,23221.366023644805,471.4425675570965
7947220.319658876,41229.63683764598,214365.01695055762,910.8509508086205,1455.3472207859159,31036.808220669627,340.5738230794668
23560819.686676167,70059.75067990943,108831.92874922557,1505.264793821294,999.2111418396235,47295.220866799355,585.0744433701038
20822198.77408111,26244.991664792895,250794.3964121755,1133.3818255936942,1350.3910856321454,44644.67091485858,229.78313006460667
7161058.745574676,89163.78140530572,123278.07094186671,656.7447112440353,915.3493467718363,31781.030083075166,494.5964500308037
9902413.436354322,47786.81162573384,176235.77532725307,1666.359244863516,1074.1652553901076,23967.61921234429,313.69680650532246
15052899.228338499,56186.9834300189,85836.575747947,973.4568895338873,1230.2606396377087,37709.249425679445,561.3346099853516
14715857.091577055,36153.959982191795,144673.34496796466,747.777009950701,1346.2721994146705,48825.51479153335,393.3276295661926
12724157.823420301,61495.96975267432,294350.7209098211,1825.0173604737765,1183.1443704664707,27880.56455552578,531.6393185406923
9283085.4860146,34461.31416347187,102945.7645401632,508.1952226329049,1021.9949187710881,20752.656124532223,250.69241970777512
20177384.719336435,81149.64022207793,211359.7823111734,1230.262620713242,1468.7542129307985,40702.42769084871,424.9296072870493
19373673.849939905,33209.59201937139,115855.77416083371,852.1482088607063,1118.2082058861852,28668.033489957452,514.5212672650814
8925128.446273427,79806.37422044345,238176.14368143905,1470.351464300651,1265.0035489350557,49905.95242008567,360.63346080482006
12217774.739874331,37559.409914906806,83302.43845909399,631.6257470768302,1405.077468417585,41841.68616309762,428.90979424118996
14148931.494559247,62433.03380774739,169252.63476272803,1081.0308799262584,941.8380595743656,21481.75840266049,295.3464772552252
15658921.758378481,48033.00257833302,287220.12221070105,1408.2698014573875,982.8393107280135,32920.28844356537,453.11464332044125
10311696.26580148,57791.3041740023,139691.20142545606,577.1179901218442,1439.0485636889935,45373.77308122814,222.62745276093483
7449085.846994573,26078.376320624368,199709.15085393575,1898.9012723523933,1296.6571228578687,38496.71824835241,590.9542839974165
21682017.40336981,86816.7083510794,98298.92064127508,784.5285844336565,1161.5816239267588,25048.056729137897,333.89259800314903
22621926.703393787,39259.313967927585,190224.7838625121,544.3948509469046,1213.8201462104917,22075.47003403306,476.2559253722429
7640632.922996356,65370.61636243903,96707.02808149322,1261.807128026477,1057.6514516025782,39622.028367593884,248.88155162334442
10561307.559226574,31735.488016020598,264779.402123634,734.0272169869583,936.3308882340789,46500.65676309168,567.2270748764277
16371401.014815753,76339.80883322646,135976.45969102427,1715.2156689017654,1371.4458011090755,29949.2753110826,307.0525720715523
13536157.809799958,29681.12753289475,80209.39759361718,1567.2639949223862,1489.818330667913,26329.370131716132,538.236303627491
11931644.17875383,98708.1666526628,157736.39282570564,956.2644030470854,1042.98572614789,35091.40823036432,387.48568035662174
8698183.480643494,42254.52286608564,115217.21068233978,1161.631770883055,1166.6213722899556,43154.04370427132,405.7807058095932
18561904.232704688,50754.000982566555,224427.9815246782,703.0343266812496,1329.822375252843,33514.01443593204,269.08020563423634
18426007.454974864,28278.151725450032,171706.29660920773,802.6370877662935,1012.3141223564744,29714.358365163207,432.7521488070488
8721234.93182651,94170.30014895885,88160.5405737123,1855.3406391032427,1446.8036826699972,46733.51567238569,292.8900007158518
11623529.727560213,44288.83377612764,246674.1768881162,588.8650386133414,1288.0231065675616,38919.90430653095,523.8136768341064
13829733.557947768,53269.862319372485,125422.0743071129,1379.7479315133244,1132.3997899889946,22778.73638086021,351.12704522907734
16638201.274874363,40733.72524251195,105666.20350260698,1056.5856944149548,1091.3986740633845,33748.47473576665,594.1618729382753
10440926.221043767,67734.25413901989,205778.8784765956,646.4210992995693,1254.0521442890167,42920.72636075318,330.89901208877563
7912629.672240479,30626.778946741055,147095.61078649267,1441.0655477714379,1415.1499578729272,35793.07519830763,461.7722872644663
21947342.68211564,73573.52364656668,289307.6890518749,869.7913677404919,968.9405512064695,25625.64490363002,212.5839278101921
21321774.75031468,46325.51701673615,128478.46259473501,686.9314839030137,1479.0900209918618,21248.38523566723,571.001910790801
7539411.592194487,55661.81767382895,261005.87190823603,1188.4932118393347,1016.4749544113874,42076.205192133784,304.62623313069344
9951368.234048668,27077.235468740088,89327.76172538771,936.8585627186521,1194.0110413357615,49202.28279195726,485.51820032298565
16149731.670071678,90020.50282029348,183677.92135533472,1599.1084230759338,1340.2577072381973,29369.64150518179,239.44265767931938
14244890.606736539,34786.359734747995,217797.9881035742,1755.4793415159077,1221.8853307887912,25280.971014872193,409.0184323489666
12192661.116074143,83709.2146462435,107189.02383474934,717.4599100296051,1087.3563542962074,38261.74212619662,266.0191010683775
9156319.263330294,35809.78649731479,156590.62759903498,1287.875465844873,907.5049007311463,46076.98427513242,546.9614692032337
18973584.70844495,59605.68157296336,76175.55453360955,533.5257297992706,1363.0876567214727,32218.223782256246,377.4120207875967
19667939.231294774,38023.010860536335,271776.8083695208,1540.5426467171098,1148.771765269339,37005.753917619586,286.25762164592743
9478868.595961055,64587.96931726491,132385.85714812495,890.2598844717587,1304.3219055980444,24669.514000415802,438.58316726982594
12638397.581039762,32810.14853070516,193409.45872546476,1036.5270240889004,1425.5976928398013,31548.40011149645,370.31126767396927
14746153.042840509,77157.35117862528,95050.29869282576,607.1599434656243,991.1814406514168,44879.816910251975,505.43694235384464
15597892.119926458,25208.35292449009,112255.83833038674,552.6906878617885,947.8170661255717,41406.381633132696,349.22536350786686
9601457.426870905,85758.41740262455,230504.51459241446,1352.551682118816,1393.9532965421677,20051.217982545495,575.0248149037361
7282055.950144446,49682.23415424084,78891.76739584889,822.0995658877575,1270.3415432944894,28113.65340836346,206.70575685799122
20572812.677453052,58495.03730347668,160479.47199281372,1984.7991142467727,1107.7613811939955,48590.82588925958,468.4550851583481
22750945.536370106,31433.379488864168,84636.38267944123,1202.5126812991218,1319.1937336698174,43598.560728132725,322.9651849716902
8191516.9433535645,73993.2385645169,166697.84882253566,520.1296289589384,1173.02037589252,34953.65290902555,551.9018195569515
10822823.500605317,39629.61844680976,119153.89465584239,1788.6013497583706,1032.9978106543422,26889.186156913638,233.55186246335506
17223995.776022397,67432.49248556308,231740.33855893993,763.2308844982522,1495.5397009849548,36412.0851457119,492.16400757431984
13356925.27833371,43594.43452442197,196553.6505011047,995.9735179412801,1379.5282943174243,47997.05703742802,259.42368879914284
11214614.657213155,51241.67003808577,99809.43377218451,1628.2107999540758,924.0188464522362,30333.36842432618,414.86205123364925
8423384.51302672,28773.492480620702,279257.57163990627,670.0949002083518,1066.3746709004045,23456.570859998465,396.559252589941
17778434.840233766,97785.57405508932,143577.02484466552,1110.3977987174464,1200.8304711431265,40125.08259154856,528.5721104592085
17486455.41251971,30744.780554358844,298017.59008620126,512.6057908053856,1450.3996074199677,48951.59663632512,588.5114286094904
8507185.740681266,72299.99028804184,146715.76884240672,1201.2673921765424,1004.1541753336787,27709.050001576543,336.13709956407547
11236600.499298953,40570.605224846295,209741.8219668802,761.9321241601516,1126.6443204134703,20540.057057514787,455.35909719765186
13234518.616431706,68915.0928555827,101999.1270844323,1761.5416571840774,1289.2606208100915,40902.78146788478,220.18464505672455
17379628.94322925,44584.73185328777,121769.26898071266,1626.5707018733958,1248.2318457216024,44460.56774817407,425.1026600599289
10799365.387420217,52493.04217917589,247286.81777013693,981.593173678645,1092.6457459107041,32011.710815131664,299.3519861251116
8113880.348977687,28095.291438228993,86485.70783733585,1093.6153885361477,972.5280091166496,24121.967628598213,518.5268238186836
23139541.350148145,95579.22463421906,177898.1902720982,668.9638291799456,1407.0536417886615,37567.83249787986,356.8262789398432
20418384.068426363,35563.251470052994,77198.75062548529,884.5436243381728,1017.5714626908302,40544.34605874121,401.7782486975193
7282806.434747879,60512.97641975288,150387.6299848436,1510.0639540715079,1473.1913996860385,22993.245851248503,272.8903915733099
9713203.637487497,35033.68828761066,109854.5975414493,594.7429793103225,1331.9478895515203,30880.900491029024,542.0465372502804
15313284.235036006,82467.82675289588,215993.83257716594,1029.1645348543962,1197.4549496546388,47434.99276228249,383.483175560832
15023669.870592544,26962.015999705356,181232.0616949293,1325.8121589716675,1079.1099350899458,36051.30009353161,564.9795215576887
12495867.410468102,91628.85230066188,93018.08175554912,549.149658713016,1225.3205398097634,27293.803868815303,309.4923757016659
9474496.972896362,46515.93984036385,254688.6643827433,1970.757438035495,1364.1940623521805,34464.828139171004,478.6956813186407
19809594.116220314,54675.36685607346,129543.48745484573,805.308553347802,901.5417901799083,44102.146588265896,246.6340459883213
19042590.20909587,49357.334768212044,160026.02716082224,1164.990395025909,1310.3885740041733,26206.04207739234,342.821316793561
9098279.030530939,59365.861710868645,81286.71088787811,682.5270963899334,1147.8455929085612,35256.507107988,582.6346755027771
12012483.655291935,25378.663871791192,222559.28231946364,1587.7688062658847,987.8600936383009,43365.72025902569,201.05224885046482
14427632.762067301,84514.15205747048,114389.78735435415,917.7098957035307,1434.032360650599,33318.24550405145,473.69010895490646
15948839.443263808,32681.885847529946,95329.6464238446,712.8717119186322,1390.6770553439856,22256.81941024959,280.97380846738815
10102950.482963027,78510.0043880207,187691.32970568276,1720.794557537008,956.2247419729829,39397.763311862946,444.2854408174753
7584789.8538853,38165.89510209008,137097.540690459,522.6335496948751,1113.8562753796577,46347.23085910082,362.6526117324829
21236900.98519529,63463.98399859121,266734.83049350994,1278.776099037899,1269.3692101165652,30086.107393726707,511.889760568738
22244011.401328985,28893.930018775707,137835.6708417306,1853.4413717491555,1181.018851697445,32740.126447752118,254.49961349368095
7791834.661627014,96059.7561288871,283119.17266312725,791.0361110335283,1315.4386265203357,45599.13957491517,420.92406265437603
10381797.530889625,43405.75297252398,99021.32578736964,1358.8863590269198,1494.16847191751,38648.04124459624,389.3221326172352
16690432.332029387,52153.342777275124,201362.86312001495,587.8684363425197,1038.621854223311,24909.207681193948,535.4464646428823
13783542.594330749,39907.61624651298,241377.99533474466,637.0936633779064,922.601081058383,28789.258636534214,316.1396261304617
11687261.27181159,66426.19411290497,117536.08084136221,1055.5311740584284,1385.1801881566644,49738.83657716215,559.0901680290699
8859774.361041427,31219.971607187057,168035.14266190483,868.3335646390937,1208.8021516799927,41631.196988746524,227.53864042460918
18187107.772404425,75126.72345210615,82609.79824138632,1419.3023699168068,1062.6648662611842,21678.628772497177,497.03931733965874
18746139.671954438,41857.23316347588,107972.64937026794,1249.4890406501288,1420.1015554368496,25613.7902662158,210.71125529706478
8555213.342027813,69577.44071294468,219609.887285978,534.7175539979503,964.0026843175292,37945.51691971719,464.6479405462742
11822027.8470762,29804.70075885631,75160.22336946857,1685.8786543181723,1105.1994178444147,45833.428828045726,345.41817121207714
13562508.173003659,71624.40965045983,154361.9953900514,727.3541258160393,1240.2376698330045,32504.694238305092,579.0303610265255
16336141.736610753,27827.90733634308,259117.81298551432,939.249895379533,1283.59283991158,20974.503280594945,372.55575880408287
10656982.62468972,92641.51643344172,127415.40639389612,1551.9365800468222,1136.834636516869,42334.18019488454,502.9940765351057
7771245.305544316,45005.38239743968,186139.0064737057,696.6260993467575,997.9921527206898,49505.00397011638,283.8148035109043
22408038.093815267,54148.890148885235,90627.29787609025,1141.733573627297,1461.121072433889,29025.14928020537,440.8276107162237
21684750.145061634,33864.81219395902,204074.3126022598,1452.0664230282835,911.9323767721653,34021.28386311233,398.99906665086746
7393271.6382742,81462.32630452942,104902.80126415854,848.411946071513,1358.6556008085608,42661.53536736965,526.3245675712824
10123775.86709363,36784.235132897855,293519.20847898547,1077.019125933537,1236.205654218793,35492.34237521887,257.17619359493256
15841385.919398982,61249.68473422128,149065.14304317537,624.1887825257935,1073.0406107380986,25972.26864658296,417.30181761085987
13989173.5457697,47089.9640587511,88891.48667973526,574.5734789366704,1189.0612307935953,29383.52746888995,237.36205883324146
12447422.771909464,56562.39423074078,172966.3800785366,1390.7211157342008,1345.1937871053815,47051.872396841645,488.1615608930588
8989286.321379475,26637.64544120074,123640.46031273082,775.2785765305458,1465.2922086417675,39162.38692589104,318.9626906067133
19364294.306361236,88587.17733544229,243379.5272437415,1891.8203647408423,1030.2864974364638,22491.04993417859,555.7120636105537
20049759.995151956,25618.110038703588,100743.48210054843,653.8729728517968,1256.6141121089458,47670.65346240997,457.962055131793
9317061.261253778,87180.07125637552,198054.7054398317,1119.3005880972355,1121.502543054521,30646.839840337634,216.58643409609795
12887568.514000475,48887.60292133574,141567.45114408448,962.0039881481357,942.792296782136,23695.54146192968,598.1643315404654
14498725.863963796,57541.1970527994,275842.7032228813,1660.1906581415658,1398.9643352106214,39839.534647762775,327.0888276398182
15281838.501030102,36998.897640769406,165156.26897954097,1802.2921743037587,1439.9929750710726,43866.02700687945,521.3739223778248
9779098.960984936,62870.97336326677,83992.92021487048,744.486945891303,976.7907382920384,34698.43169674277,353.3745523542166
7132389.493738952,33718.33364391932,235004.42902274558,1225.6896044177236,1153.1288601458073,26591.049823909998,434.99970361590385
20947234.709733456,79264.57617192662,120642.10261596907,502.2093019497315,1299.9602308496833,36755.65485842526,290.4501985758543
23200817.88133629,42883.55712501757,228749.92310945707,824.179988520488,1051.9811756908894,41136.32618449628,544.717013835907
8054460.227509102,50422.0769712166,111218.74633220417,1926.2103508808427,1215.2193864807487,20303.992964327335,379.85482700169086
11033613.366929006,29250.494415390483,162485.31412016926,560.5259657322053,1375.174130871892,28413.46338391304,411.4612862467766
16930873.276005343,99375.08716158397,80002.2216458173,1299.420691497883,928.3775897696614,48248.7868797034,263.77459801733494
13083693.408541124,32291.83592833656,133393.1542985313,1005.5678022962538,1046.7224512249231,37333.83113518357,481.5126422792673
11419743.261122834,76041.35144265625,274327.78253706894,608.4780375389846,1481.8013297393918,24357.573287561536,243.24983805418015
8253480.828772905,38576.121547093484,93890.58476484002,1479.4940037086637,1324.2168568074703,31306.840339675546,574.809043481946
18108904.052699555,65616.28892362371,190697.10076908642,902.5567977798476,1168.0109834298491,45162.918623536825,300.6207227706909
18000049.1023772,27185.20138568152,136367.47626351134,1679.962819479876,1292.6706824451685,22629.883224144578,407.1279674768448
8281399.227428614,90378.96879888345,268162.73705201724,970.8325430836408,1127.7479158714414,38832.40846917033,267.2538060694933
11354408.659037048,45884.81836299083,95844.03324669375,1130.3319641148432,1007.6645158231258,46941.879112273455,548.854972422123
13131779.810093021,55132.01128284614,186683.95221873315,662.1098795247431,1451.4581417664886,29742.344142869115,376.18035413324833
16873640.017992947,36056.15319527129,223784.44115778795,506.81715731489436,1410.4291208088398,25832.953229546547,569.1085610538721
11100236.570381038,60015.442020466406,113763.50153682381,1240.2865314467642,973.6656865105033,35821.829764172435,305.85771948099136
8024892.127287637,34742.330212057794,159156.61173321187,753.8660115293255,1096.1215037852526,42771.09703980386,487.408484891057
23334102.938982386,83602.81945265394,81730.72061474803,1820.0582994360252,1249.324462004006,33662.04094141722,238.20810616016388
21024270.960799318,43993.8932234159,168938.71056409125,1311.339195522684,1198.734175041318,29164.149928838015,595.3687649220228
7091600.2271726895,52914.83378676047,82167.9363591539,567.2030433695164,1335.530293174088,49175.31636543572,328.98069247603416
9812155.767225116,28318.93172246081,240076.7542585409,1950.4709962759,1474.3694879114628,42224.01776351035,460.5623569339514
15189943.068055037,94305.60710470974,118173.09473162208,832.3068323175074,1021.2003579363227,21333.0308906734,214.49920907616615
14581985.805825613,30500.14288601311,98481.52279222415,913.3085803615263,902.8550259768963,32365.20296894014,433.9618779718876
12840228.941655044,73268.92214389007,202466.51037770792,1493.0672545710877,1367.7418118342757,46162.63475269079,290.974947437644
9373341.434883494,41118.20761770188,138585.27775710632,614.4767799916797,1226.5326384454966,38055.2526563406,522.6070128381252
19982030.231367927,68373.22900312842,281587.70136261726,1018.2320168553825,1082.7041761949658,25254.83059696853,353.0451636761427
19208333.30493808,39579.45875209285,86961.91249677124,736.0269415750415,1430.320817604661,45024.06124956906,261.41183227300644
9001153.124597633,67346.78515785074,176923.95148670583,1701.3624810037536,986.4540176466107,31636.78565993905,413.7249771505594
12343513.47889836,31649.63707283115,121107.54504338511,539.994921752945,1144.0512232482433,24467.59244427085,394.56806778907776
14003491.786036994,74501.90655968567,248637.90533589097,1265.238394746189,1309.047300182283,36975.04580952227,529.7061432152987
15820356.44199346,28499.767755752986,208624.65162816597,1152.2192643910498,1265.691677480936,48388.07810097933,324.9561656266451
10205881.92491718,96854.82072640909,102545.2955807923,704.9310644539398,1112.4155452474952,28083.942970260978,550.7680118083954
7385644.615535898,43768.25999129455,299626.03707409534,1571.5011617821237,952.4643827229738,20194.457275792956,231.5639439970255
21867095.098224442,51445.716836529624,145928.11768645415,948.5206366763944,1389.3011273816228,41495.60034275055,493.3008775115013
22431023.940817557,33119.84089894102,253299.93823646594,629.9227949712707,1037.6453954726458,36616.62107333541,348.1161531060934
7706389.489092506,77885.21935420374,130253.67667792823,1089.8564998251582,1490.8878358080983,26920.713344588876,577.0407684147358
10671026.074577447,37865.79275017718,182217.90794950366,859.1094898992325,1314.5441360771656,34808.62547643483,207.81800858676434
16204531.834963458,64320.5688784416,92514.79535056562,1466.3954590268256,1177.674843929708,43507.52526894212,466.44217297434807
13676522.086571489,49753.88103484213,110445.45666474641,1914.373598890178,1061.6538248956203,39978.99289242923,285.14552637934685
11809804.501555394,58579.08487910879,214838.23276136874,782.4008749413549,1205.5555975064635,23366.311341524124,440.59590213000774
8624617.507454263,25040.478430840372,76782.48208426654,1404.4435178238687,1384.2511150985956,30537.13534027338,371.4203007519245
18721296.446766295,85186.86185951025,151202.89773961436,581.8171143952168,919.2911552265286,48029.639115557075,503.4211453050375
18248583.34231796,47468.32545892507,236293.08855140617,929.2670101233791,1239.1545664519072,44211.64992265403,392.09290370345116
8806498.159077838,55812.808409923084,119984.11833870928,1603.42303773469,1101.7318854108453,34105.64310848713,533.5298042744398
11730240.630335672,26282.700577466425,164262.46256167753,688.7883202301172,962.855064868927,27154.54500168562,251.92410722374916
13704717.668725418,89292.36680420052,84449.92906615532,1178.869212750669,1416.717135719955,36380.73137961328,423.0360832065344
16791248.709219918,34318.64161063995,140810.61098608462,1291.384636848541,1460.072623193264,47325.055580586195,228.5516705363989
10346728.065519512,80814.10044035711,277325.24448970094,529.2164788792066,994.4906098768115,31239.660615101457,496.48977294564247
7836578.4082731195,36495.02122819815,101289.21968319792,1741.2917857162033,1135.7216712087393,23132.021250203252,314.9313312023878
22162305.434770443,62076.42353027734,196987.53051639695,719.4107698228572,1280.1744097843766,40214.425940066576,559.4443522393703
21115404.27698721,27448.305435233287,93376.78001674544,593.6629637479635,1069.4375719875097,37677.62657254934,205.41036315262318
7612665.35644576,93408.35127272202,191746.35410288585,1376.0065609256435,1234.9834704771638,23762.950068339705,470.23569643497467
10042222.150419326,45381.27909712123,134121.43250952472,800.4561491339279,1355.116219818592,31872.16299585998,338.65856267511845
16002786.60198258,53414.223295165546,272838.0836156733,1870.4482562009616,910.628510825336,44789.82977569103,586.2843528389931
14374671.184536073,41513.071763637665,163355.5769015615,1437.1805286749527,1026.6493767499924,40792.56293363869,368.37788969278336
12081492.188185588,70541.75069644794,79575.98710412154,876.8920858302736,1464.104607515037,20898.64121749997,506.6775593906641
9067524.76286029,30214.908349076155,227521.58067394156,1065.2173530868984,1341.6203241795301,27848.108541220427,275.0531703233719
19157571.182795588,71028.76825882262,111819.16123628915,644.681599507026,1187.7919474616647,48621.85069359839,449.302377179265
19835702.159787115,32034.867256654063,185143.63027399054,1783.7505632054117,1400.3497760742903,21569.14963386953,539.3733508884907
9398165.966385959,77060.37199528315,91114.49790918222,769.4496817489826,946.560881473124,41990.415044128895,385.4975637048483
12508687.737792734,39096.777318290144,260521.83343337753,1212.303955344419,1122.9333311319351,49878.069460392,404.6466998755932
14898286.511808783,65100.32012594086,126728.69472056143,518.7164474439902,1260.2827040478587,28459.79611389339,271.07136361300945
15437516.017943298,42315.23433946577,75572.47253980422,675.5656278486242,1301.3115897774696,25019.168946892023,477.38975398242474
9700330.220144188,50827.194642133145,153519.90358470177,1107.4039524391833,1156.932027451694,38289.314256981015,246.89055010676384
7344031.03437532,29483.310850573547,107388.16677216,993.2937831907243,978.1874444335699,45460.3383038193,566.0901840776205
20397270.35396637,98050.82347482727,220805.07800852432,1641.5118621335039,1443.6961496248841,33070.01521810889,309.0405113995075
22946371.674075145,37511.67223216318,124302.84318154996,1039.3234483167412,931.6787179559469,29976.346343755722,451.0986629873514
8122185.966082529,62354.010745139276,242082.54056246643,602.2402474177826,1376.0931188240647,46706.272615119815,223.73668998479843
10712384.83292756,33437.89279954295,88414.03552009678,1528.0674808275942,1218.4743091464043,39537.27989457548,592.9672230035067
17402573.754274737,80355.42946715537,173900.36393346713,892.666694964263,1053.001586906612,21927.531398832798,332.78031945228577
13220863.293664005,25830.153938007756,291912.56626834616,815.4597175020408,1171.346765756607,33428.49717475474,512.5085532665253
11331089.198838608,85990.81504318133,149885.5191065234,1990.2064026494822,1325.1018343493342,43007.16018304229,361.74553520977497
8495890.907206463,48224.2709386298,205188.76244798876,554.1936519753662,1485.0909065455198,35117.417220026255,430.92557042837143
17628276.324860543,58021.738616415714,104333.00835469543,1341.6199671309705,1047.7088520303369,26535.76214797795,294.2374650388956
17635367.290968418,36638.33978393001,200783.3060345827,599.6016779555614,1100.4763109609485,32592.05697104335,235.37088744342327
8434562.070790745,61006.43170242104,97773.01052277825,1026.3951899682088,1244.965074956417,45982.12921060622,489.2955593764782
11121123.96158179,34190.24525744234,285671.371596899,882.159079754,1424.8221153393388,37917.66268201172,320.95079980790615
13370749.4400206,82244.72772963563,140448.47687104682,1522.3917615140506,959.2772718518972,25405.58161213994,554.575002938509
17201327.76771122,26455.774621811437,82848.21664918338,1965.4021794670418,1002.6420364156365,28996.232775971293,397.01111391186714
10910723.87360344,87981.87411107948,170180.51225569705,811.8659475346826,1456.4668904989958,49297.57125675678,527.4614509195089
8183122.518655264,47149.89213358799,116485.99848292979,1336.6145174155633,1278.9455411955714,42420.77391594648,259.16718766093254
22942413.253644526,56634.076238336,236887.4705280043,547.6605095854716,1141.4867877960205,21124.258553609252,416.167975589633
20594058.591085885,30004.67316959662,114603.51217354233,755.7742721828707,1231.558051519096,25999.3111807853,373.66804480552673
7221332.727457048,72104.58882109512,225629.7030089125,1766.3313183935852,1077.6924937963486,35697.92972877622,500.9811509400606
9614220.672142986,41797.177940516754,80642.30343932251,514.0024519755866,916.5819564834237,42576.815616339445,282.7055796980858
15472408.033811854,69477.2472122653,156889.58336456795,1191.5647635619187,1354.0011506527662,33873.37394990027,442.84359849989414
14870288.600028828,45192.48376669397,266237.332450734,1096.571685856931,1470.0130367651582,22405.50395101309,211.82027496397495
12625475.570436714,54373.71497413246,135231.80598320175,663.5468370207287,1025.5613889545202,39015.47468267381,462.6321777701378
9555832.088897424,27567.84446619551,189191.04812767182,1613.39030698718,1184.3383921310306,47077.90988497436,344.3061102181673
19642010.417784616,91775.25783145796,97235.39700517716,984.2417488467179,1349.9214962124825,29589.94798362255,581.0430824756622
18859662.65554832,29287.719455871607,213196.4403324617,1362.5817426244791,938.1447030231357,39751.216266304255,483.40618275105953
9187355.245199792,99501.02606232467,109428.42885960579,583.117197454902,1403.616227209568,23551.401840522885,242.01816096901894
12123044.129322344,42590.76594383488,153084.50274931258,1838.4718788772154,1261.263700760901,30677.479216828942,572.9185681790113
14297409.422377175,50077.55029492158,77867.46903721748,793.1911870208507,1116.8481018394232,47872.4723123014,301.8554650247097
16095324.371960666,38946.8292108618,131243.1970054252,861.3017941535346,1157.8496793285012,36785.4608502239,546.6072879731655
10011571.932318237,66246.49776116792,255680.5307822828,1423.1394131480688,1295.235113427043,26793.873496353626,378.62031273543835
7511786.266271014,32163.758542615316,91379.38564780359,638.8124252428778,1435.270127467811,34609.115421772,409.5679737627506
21444413.503591105,75739.35332852915,179675.582376465,1046.9782638702495,981.5184384584427,43722.71339409053,265.00607393682003
22028207.929257367,48430.728813746886,103512.46281571405,1583.4967077542462,1370.451015047729,48217.13552810252,520.1640024781227
7867432.224890386,57003.149330413056,210202.57561873447,925.2066513773665,933.1049859523773,28208.765741437674,355.28979636728764
10476340.149561845,25724.612488202136,143887.34603386675,1174.5013819966393,1056.7017266526818,20395.15459910035,436.20655834674835
16538338.821616495,87542.04071191493,295958.55539713206,680.6868578526755,1210.49396507442,41281.51376731694,288.53188939392567
13909310.971383035,33669.95581548314,175297.30132718972,526.8890671888573,1328.8667494431138,45253.02514433861,456.7553538829088
11580965.872334424,79150.43291967195,86296.08664209789,1275.3017169958205,1163.3568104356527,31452.796710655093,218.50456297397614
8773976.11731254,37247.138977457136,252147.64112154525,710.9384081605295,1042.0751614496112,24325.145771726966,599.374071136117
18363888.715810426,63292.46838143079,122616.40743127064,1734.815824420946,1486.45348995924,37130.195535719395,325.1737371087074
18586580.626692224,35268.55777921412,78459.93912550149,1068.2979040053394,1131.3720306381583,41047.054305672646,563.8455022126436
8628205.579699436,83021.14082710682,161362.6731796323,625.8760779831237,1284.5377810299397,20628.471104428172,311.48356795310974
11943967.487966605,35512.038730913206,112868.86281389157,1455.9843733212185,1445.6745000556111,27507.09972344339,479.83276285231113
13423280.805364668,60426.15540075443,229252.49052804188,841.5371375875318,1008.8750023394823,48920.859806239605,244.64591592550278
16504330.069968153,46709.07417529701,194445.60917767222,777.3865960268473,967.8735600784421,37365.113431587815,400.6413921713829
10547382.389547048,54902.66808173334,94543.76503526623,1876.5307828429547,1411.7032203823328,24092.28591248393,274.87831749022007
7704953.86505514,26709.90390959195,270317.06048569916,569.9326233940013,1252.8837298974395,32154.921609908342,543.1803524494171
22598793.073087133,90772.54256497779,133100.7197953537,1394.5103595657774,1087.99814209342,44549.75795932114,381.4922083169222
21501262.833764847,40409.47839614274,280789.2705245357,1699.6061878912687,1336.6000419482589,47639.557188376784,427.1155647933483
7456796.84588311,68641.75948638593,142793.76244636325,725.377664865831,1192.807649821043,30912.456177175045,298.2397209852934
10228714.344062379,31040.06676146884,195489.66515917744,1246.1007943285947,1012.9172818735242,22848.18969666958,516.5108568966389
15679703.452180069,72994.77865443473,100352.63435961925,539.0742599877551,1477.8412822633982,40453.281877562404,357.93548189103603
14134430.565848831,27903.32078181565,118516.72546888815,694.7515352840888,1359.4686510041356,43956.08561113477,590.5272182077169
12320599.465304011,94926.64752695938,232986.15274096403,1151.060897821129,906.2623489648104,34374.597342684865,335.02805307507515
8913381.38047612,44641.23573455248,85094.9783258397,946.9177402589895,1083.8373413309455,27497.54228629172,453.346348926425
19531025.679675583,52559.84514885568,165799.41562095028,1547.7528037266068,1220.59743180871,36083.85367318988,221.29673287272453
20245820.956769507,42999.88142697751,147883.45323745717,559.00306861667,992.5122549757361,33169.4208458066,317.37127639353275
9227370.079553382,51665.94809702628,287766.33211742394,1310.001118784447,1429.3850697577,43278.252920135856,557.1966543793678
12771038.760694142,29013.89771107507,105098.79227352011,830.8954928349922,1305.734402127564,35464.84182588756,226.30392499268055
14631801.798614569,96459.1041636643,206889.76813327248,1920.9865793010151,1152.4954844266176,26233.999133110046,498.92976582050323
15143929.173021717,31175.01339341914,245324.27247262173,1491.580040712507,1109.1308550909162,30293.444441631436,255.73414862155914
9869031.662551487,75018.93535325488,126112.16626697684,900.1283234185678,1274.0897599607706,46376.01414695382,419.03376765549183
7202263.285645178,40175.1610582946,172643.75780522818,1002.8565460828949,1395.4044526442885,39248.105492442846,388.0906358361244
20745954.310246594,66871.87759391955,87681.80062539126,613.4456867309153,951.5016250312328,22170.357117429376,537.339797988534
23426295.93421013,25410.827192068355,155753.46492250782,964.6047084367847,1498.8961732015014,24703.744603320956,279.05853763222694
7976519.120570001,84621.70528934714,76584.96369690361,1646.746509142392,1033.8990055024624,38621.10331654549,445.49538753926754
10933195.504575208,49020.08395253358,218977.8307741259,648.5747101438201,1176.2937353923917,45746.92342430353,364.5709477365017
17085406.317526836,58960.535109261255,106611.4633789545,1122.3202210351744,1320.1594445854425,32824.74338077009,510.68287901580334
12964371.946878064,38532.45691201187,89817.59906102162,1215.7833636688715,1204.1477115824819,21825.63668116927,340.90320877730846
11523756.307258291,64073.86012155466,182676.1460944796,503.575046292032,1067.3144537955523,41716.8761882931,583.8413558900356
8333534.702685378,32552.089198121346,127783.14689737133,1807.2023805009085,927.2529741749167,49532.31860883534,202.9673185199499
17933328.755808894,78198.6153565931,262426.0044948472,738.474004445797,1380.532593280077,28763.08972015977,472.4803902208805
